"order_id","order_key","transaction_date","event_date","game_pk","section","row","first_seat","last_seat","num_seats","ticket_price","total_price","pc_family","price_location"
"tm_5_38-25047/atl_2026_1","38-25047","2026-06-08 20:56:04","2026-06-29",800001,"409","4",13,17,5,20.72,103.6,"O","SunTrust Deck Terrace"
"tm_5_38-93059/atl_2026_8","38-93059","2026-04-20 17:21:41","2026-04-29",800002,"409","2",7,9,3,28.27,84.81,"O","SunTrust Deck Terrace"
"tm_5_38-25476/atl_2026_5","38-25476","2026-04-05 21:43:46","2026-05-01",800003,"406","4",20,23,4,31.4,125.6,"N","SunTrust Deck Outfield"
"tm_5_38-15612/atl_2026_9","38-15612","2026-05-17 09:38:35","2026-06-14",800004,"220","8",14,15,2,80.87,161.74,"H","Club Terrace"
"tm_5_38-79898/atl_2026_4","38-79898","2026-05-01 13:36:59","2026-05-02",800005,"404","15",17,20,4,32.04,128.16,"N","SunTrust Deck Outfield"
"tm_5_38-57768/atl_2026_5","38-57768","2026-04-22 11:59:00","2026-05-22",800006,"219","8",6,8,3,87.88,263.64,"H","Club Terrace"
"tm_5_38-26315/atl_2026_10","38-26315","2026-04-28 20:40:39","2026-05-10",800007,"307","7",20,21,2,67.25,134.5,"J","Vista Baseline"
"tm_5_38-44513/atl_2026_9","38-44513","2026-05-23 20:33:08","2026-05-25",800008,"409","1",9,13,5,25.07,125.35,"O","SunTrust Deck Terrace"
"tm_5_38-12629/atl_2026_3","38-12629","2026-04-26 19:09:33","2026-05-02",800009,"406","2",20,22,3,34.72,104.16,"N","SunTrust Deck Outfield"
"tm_5_38-80938/atl_2026_2","38-80938","2026-06-15 16:00:44","2026-06-24",800010,"202","8",17,19,3,187.45,562.35,"E","Infiniti Club Infield"
"tm_5_38-43095/atl_2026_7","38-43095","2026-07-05 13:10:44","2026-07-09",800011,"104","1",3,5,3,304.39,913.17,"A","Dugout Infield"
"tm_5_38-62104/atl_2026_9","38-62104","2026-06-15 12:17:08","2026-06-15",800012,"101","3",16,18,3,270.99,812.97,"A","Dugout Infield"
"tm_5_38-87281/atl_2026_4","38-87281","2026-04-21 20:58:12","2026-05-02",800013,"309","9",7,10,4,63.16,252.64,"J","Vista Baseline"
"tm_5_38-59005/atl_2026_9","38-59005","2026-04-05 14:52:55","2026-04-22",800014,"404","8",15,17,3,24.81,74.43,"N","SunTrust Deck Outfield"
"tm_5_38-75831/atl_2026_1","38-75831","2026-04-24 19:07:43","2026-05-16",800015,"115","3",9,10,2,194.85,389.7,"C","Lower Baseline"
"tm_5_38-74952/atl_2026_7","38-74952","2026-06-13 20:33:10","2026-07-08",800016,"314","11",13,15,3,47.69,143.07,"K","Vista Outfield"
"tm_5_38-79923/atl_2026_1","38-79923","2026-04-14 12:11:23","2026-05-08",800017,"310","11",3,7,5,54.25,271.25,"J","Vista Baseline"
"tm_5_38-32359/atl_2026_8","38-32359","2026-06-02 20:15:25","2026-06-13",800018,"301","3",20,25,6,90.98,545.88,"I","Vista Infield"
"tm_5_38-86096/atl_2026_7","38-86096","2026-04-24 21:26:11","2026-04-29",800019,"209","1",2,4,3,146.99,440.97,"F","Infiniti Club Baseline"
"tm_5_38-25677/atl_2026_6","38-25677","2026-05-22 16:29:05","2026-06-21",800020,"106","2",18,19,2,227.78,455.56,"B","Lower Infield"
"tm_5_38-14133/atl_2026_10","38-14133","2026-06-08 16:36:28","2026-06-15",800021,"113","3",11,12,2,168.5,337,"C","Lower Baseline"
"tm_5_38-82161/atl_2026_8","38-82161","2026-06-21 18:42:18","2026-07-03",800022,"305","2",16,17,2,63.19,126.38,"I","Vista Infield"
"tm_5_38-25516/atl_2026_7","38-25516","2026-03-20 14:03:50","2026-04-01",800023,"109","8",5,6,2,178.29,356.58,"B","Lower Infield"
"tm_5_38-58336/atl_2026_2","38-58336","2026-06-16 20:08:57","2026-07-03",800024,"108","4",15,20,6,183.63,1101.78,"B","Lower Infield"
"tm_5_38-63112/atl_2026_2","38-63112","2026-04-19 17:02:09","2026-05-09",800025,"105","3",10,11,2,263.13,526.26,"A","Dugout Infield"
"tm_5_38-59248/atl_2026_6","38-59248","2026-04-13 09:22:29","2026-04-14",800026,"203","5",1,2,2,147.18,294.36,"E","Infiniti Club Infield"
"tm_5_38-15250/atl_2026_6","38-15250","2026-05-03 21:26:13","2026-05-11",800027,"409","5",20,23,4,21.19,84.76,"O","SunTrust Deck Terrace"
"tm_5_38-91412/atl_2026_5","38-91412","2026-04-06 14:23:09","2026-04-19",800028,"113","1",20,23,4,222.41,889.64,"C","Lower Baseline"
"tm_5_38-24597/atl_2026_1","38-24597","2026-06-08 09:39:55","2026-06-27",800029,"302","7",2,5,4,60.86,243.44,"I","Vista Infield"
"tm_5_38-40986/atl_2026_1","38-40986","2026-04-09 15:07:29","2026-04-10",800030,"314","10",14,15,2,57.77,115.54,"K","Vista Outfield"
"tm_5_38-26541/atl_2026_4","38-26541","2026-04-07 20:48:57","2026-04-16",800031,"120","1",15,17,3,219.08,657.24,"D","Lower Outfield"
"tm_5_38-53448/atl_2026_6","38-53448","2026-06-17 10:00:12","2026-06-30",800032,"107","5",12,15,4,238.66,954.64,"B","Lower Infield"
"tm_5_38-18984/atl_2026_2","38-18984","2026-06-06 12:38:28","2026-06-21",800033,"103","3",12,13,2,275.59,551.18,"A","Dugout Infield"
"tm_5_38-10816/atl_2026_9","38-10816","2026-04-16 13:25:30","2026-04-21",800034,"410","6",10,15,6,16.55,99.3,"P","Standing Room"
"tm_5_38-15721/atl_2026_8","38-15721","2026-03-16 21:15:27","2026-04-14",800035,"116","8",3,4,2,209.38,418.76,"D","Lower Outfield"
"tm_5_38-36148/atl_2026_4","38-36148","2026-06-08 19:24:15","2026-06-13",800036,"204","1",17,19,3,177.24,531.72,"E","Infiniti Club Infield"
"tm_5_38-88673/atl_2026_9","38-88673","2026-06-10 20:26:23","2026-07-09",800037,"404","10",16,21,6,26.59,159.54,"N","SunTrust Deck Outfield"
"tm_5_38-46062/atl_2026_10","38-46062","2026-04-04 12:03:39","2026-05-01",800038,"216","1",17,19,3,84.47,253.41,"H","Club Terrace"
"tm_5_38-49166/atl_2026_8","38-49166","2026-05-19 13:49:45","2026-06-15",800039,"302","11",17,21,5,80.21,401.05,"I","Vista Infield"
"tm_5_38-67794/atl_2026_4","38-67794","2026-06-20 20:35:00","2026-06-30",800040,"406","14",13,15,3,36.38,109.14,"N","SunTrust Deck Outfield"
"tm_5_38-92394/atl_2026_10","38-92394","2026-06-17 16:08:30","2026-07-03",800041,"214","10",4,7,4,125.28,501.12,"G","Infiniti Club Outfield"
"tm_5_38-92132/atl_2026_6","38-92132","2026-05-17 16:12:36","2026-05-23",800042,"401","10",7,9,3,41.84,125.52,"M","SunTrust Deck Infield"
"tm_5_38-55674/atl_2026_4","38-55674","2026-05-09 11:37:32","2026-06-02",800043,"402","3",10,12,3,39.87,119.61,"M","SunTrust Deck Infield"
"tm_5_38-51172/atl_2026_10","38-51172","2026-06-13 09:47:41","2026-06-28",800044,"110","2",2,7,6,239.01,1434.06,"B","Lower Infield"
"tm_5_38-30125/atl_2026_3","38-30125","2026-05-13 18:50:50","2026-05-30",800045,"402","15",13,14,2,28.98,57.96,"M","SunTrust Deck Infield"
"tm_5_38-82437/atl_2026_7","38-82437","2026-03-08 10:46:48","2026-04-02",800046,"301","6",17,19,3,68.32,204.96,"I","Vista Infield"
"tm_5_38-71362/atl_2026_6","38-71362","2026-03-28 17:24:48","2026-04-21",800047,"103","2",9,13,5,200,1000,"A","Dugout Infield"
"tm_5_38-42586/atl_2026_8","38-42586","2026-04-26 16:05:59","2026-05-16",800048,"404","5",10,15,6,23.6,141.6,"N","SunTrust Deck Outfield"
"tm_5_38-73216/atl_2026_3","38-73216","2026-04-12 15:00:34","2026-04-25",800049,"115","7",13,14,2,166.35,332.7,"C","Lower Baseline"
"tm_5_38-24203/atl_2026_4","38-24203","2026-04-16 16:28:48","2026-04-26",800050,"206","1",2,5,4,116.82,467.28,"F","Infiniti Club Baseline"
"tm_5_38-38882/atl_2026_3","38-38882","2026-04-06 19:36:12","2026-04-19",800051,"204","4",11,12,2,158.68,317.36,"E","Infiniti Club Infield"
"tm_5_38-67941/atl_2026_7","38-67941","2026-05-10 16:15:10","2026-05-24",800052,"409","7",6,7,2,24.2,48.4,"O","SunTrust Deck Terrace"
"tm_5_38-83654/atl_2026_8","38-83654","2026-03-29 09:39:51","2026-04-11",800053,"310","11",6,7,2,79.16,158.32,"J","Vista Baseline"
"tm_5_38-20721/atl_2026_9","38-20721","2026-04-30 19:48:59","2026-05-15",800054,"303","12",12,13,2,60.43,120.86,"I","Vista Infield"
"tm_5_38-56128/atl_2026_6","38-56128","2026-05-06 12:10:39","2026-05-14",800055,"301","7",1,4,4,95.57,382.28,"I","Vista Infield"
"tm_5_38-45579/atl_2026_2","38-45579","2026-05-17 18:07:38","2026-06-14",800056,"315","11",13,15,3,52.73,158.19,"K","Vista Outfield"
"tm_5_38-20513/atl_2026_8","38-20513","2026-06-16 21:57:56","2026-06-23",800057,"106","4",13,13,1,210.47,210.47,"B","Lower Infield"
"tm_5_38-70446/atl_2026_2","38-70446","2026-06-29 15:13:22","2026-07-03",800058,"105","8",10,12,3,285.86,857.58,"A","Dugout Infield"
"tm_5_38-62479/atl_2026_2","38-62479","2026-05-03 12:30:01","2026-05-11",800059,"202","6",8,13,6,179.61,1077.66,"E","Infiniti Club Infield"
"tm_5_38-21322/atl_2026_1","38-21322","2026-05-07 20:23:14","2026-05-31",800060,"205","9",17,22,6,155.92,935.52,"E","Infiniti Club Infield"
"tm_5_38-78822/atl_2026_2","38-78822","2026-04-02 14:27:02","2026-05-01",800061,"107","6",20,22,3,179.89,539.67,"B","Lower Infield"
"tm_5_38-89780/atl_2026_5","38-89780","2026-06-21 15:39:52","2026-07-03",800062,"205","5",4,6,3,174.37,523.11,"E","Infiniti Club Infield"
"tm_5_38-35572/atl_2026_1","38-35572","2026-03-19 09:45:17","2026-04-18",800063,"410","13",8,12,5,17.92,89.6,"P","Standing Room"
"tm_5_38-75745/atl_2026_6","38-75745","2026-03-23 17:10:53","2026-03-28",800064,"105","4",19,23,5,289.49,1447.45,"A","Dugout Infield"
"tm_5_38-11137/atl_2026_3","38-11137","2026-04-26 09:08:23","2026-05-24",800065,"212","3",12,13,2,118.62,237.24,"G","Infiniti Club Outfield"
"tm_5_38-64024/atl_2026_9","38-64024","2026-04-02 09:08:23","2026-04-25",800066,"409","8",10,12,3,21.71,65.13,"O","SunTrust Deck Terrace"
"tm_5_38-24879/atl_2026_6","38-24879","2026-03-29 10:45:15","2026-04-25",800067,"403","9",12,15,4,42.87,171.48,"M","SunTrust Deck Infield"
"tm_5_38-37354/atl_2026_10","38-37354","2026-03-28 12:40:35","2026-03-28",800068,"320","5",4,5,2,46.28,92.56,"L","Vista Terrace"
"tm_5_38-90521/atl_2026_3","38-90521","2026-04-12 17:16:12","2026-05-11",800069,"214","9",15,17,3,131,393,"G","Infiniti Club Outfield"
"tm_5_38-36233/atl_2026_8","38-36233","2026-03-12 13:03:25","2026-04-05",800070,"302","12",20,22,3,71.49,214.47,"I","Vista Infield"
"tm_5_38-58301/atl_2026_5","38-58301","2026-03-18 14:38:39","2026-04-01",800071,"302","7",2,2,1,77.78,77.78,"I","Vista Infield"
"tm_5_38-75108/atl_2026_9","38-75108","2026-06-07 21:14:55","2026-06-14",800072,"212","9",14,19,6,103.09,618.54,"G","Infiniti Club Outfield"
"tm_5_38-47622/atl_2026_2","38-47622","2026-04-16 19:38:57","2026-04-16",800073,"315","1",10,12,3,64.93,194.79,"K","Vista Outfield"
"tm_5_38-55684/atl_2026_5","38-55684","2026-04-29 20:11:00","2026-05-29",800074,"317","1",6,7,2,52,104,"L","Vista Terrace"
"tm_5_38-52786/atl_2026_4","38-52786","2026-05-09 09:20:12","2026-06-05",800075,"204","5",12,13,2,122.81,245.62,"E","Infiniti Club Infield"
"tm_5_38-68889/atl_2026_3","38-68889","2026-05-31 14:30:15","2026-06-21",800076,"408","15",3,7,5,20.03,100.15,"O","SunTrust Deck Terrace"
"tm_5_38-48158/atl_2026_1","38-48158","2026-04-01 10:25:41","2026-04-27",800077,"307","3",7,12,6,84.02,504.12,"J","Vista Baseline"
"tm_5_38-96272/atl_2026_3","38-96272","2026-06-13 16:53:25","2026-07-02",800078,"402","8",15,16,2,38.46,76.92,"M","SunTrust Deck Infield"
"tm_5_38-60721/atl_2026_10","38-60721","2026-05-02 20:14:03","2026-05-06",800079,"108","2",14,19,6,216.19,1297.14,"B","Lower Infield"
"tm_5_38-36293/atl_2026_8","38-36293","2026-05-19 16:19:06","2026-05-23",800080,"205","1",9,13,5,150.7,753.5,"E","Infiniti Club Infield"
"tm_5_38-86814/atl_2026_2","38-86814","2026-03-30 10:13:03","2026-04-03",800081,"314","5",7,10,4,61.2,244.8,"K","Vista Outfield"
"tm_5_38-72004/atl_2026_4","38-72004","2026-03-28 18:24:07","2026-04-01",800082,"109","3",2,2,1,276.53,276.53,"B","Lower Infield"
"tm_5_38-93483/atl_2026_1","38-93483","2026-05-09 10:21:40","2026-05-11",800083,"308","12",15,15,1,79.78,79.78,"J","Vista Baseline"
"tm_5_38-70102/atl_2026_2","38-70102","2026-06-04 12:00:08","2026-06-26",800084,"315","12",12,13,2,58.11,116.22,"K","Vista Outfield"
"tm_5_38-92503/atl_2026_7","38-92503","2026-03-17 10:08:22","2026-03-30",800085,"318","11",14,15,2,57.58,115.16,"L","Vista Terrace"
"tm_5_38-72810/atl_2026_8","38-72810","2026-05-02 14:06:41","2026-05-02",800086,"407","10",4,4,1,17.75,17.75,"O","SunTrust Deck Terrace"
"tm_5_38-89975/atl_2026_9","38-89975","2026-03-28 21:31:02","2026-04-20",800087,"312","7",15,16,2,59.08,118.16,"K","Vista Outfield"
"tm_5_38-92322/atl_2026_6","38-92322","2026-06-07 20:18:21","2026-06-23",800088,"102","4",10,10,1,298.92,298.92,"A","Dugout Infield"
"tm_5_38-66483/atl_2026_7","38-66483","2026-06-19 18:07:32","2026-07-04",800089,"401","1",10,11,2,28.08,56.16,"M","SunTrust Deck Infield"
"tm_5_38-10912/atl_2026_2","38-10912","2026-03-31 18:39:40","2026-04-17",800090,"312","7",19,21,3,64.32,192.96,"K","Vista Outfield"
"tm_5_38-23902/atl_2026_1","38-23902","2026-06-10 17:58:37","2026-07-03",800091,"410","5",14,15,2,19.2,38.4,"P","Standing Room"
"tm_5_38-42461/atl_2026_1","38-42461","2026-06-04 17:00:00","2026-06-28",800092,"313","8",5,8,4,67.11,268.44,"K","Vista Outfield"
"tm_5_38-41019/atl_2026_2","38-41019","2026-04-15 20:46:04","2026-04-23",800093,"310","7",19,19,1,69.12,69.12,"J","Vista Baseline"
"tm_5_38-13482/atl_2026_9","38-13482","2026-02-28 20:06:14","2026-03-28",800094,"310","2",5,9,5,79.97,399.85,"J","Vista Baseline"
"tm_5_38-69674/atl_2026_4","38-69674","2026-04-15 10:41:41","2026-05-14",800095,"109","4",2,5,4,192.83,771.32,"B","Lower Infield"
"tm_5_38-64719/atl_2026_1","38-64719","2026-02-27 12:44:38","2026-03-28",800096,"404","7",9,11,3,25,75,"N","SunTrust Deck Outfield"
"tm_5_38-97392/atl_2026_9","38-97392","2026-04-19 19:04:24","2026-05-02",800097,"307","4",20,22,3,70.49,211.47,"J","Vista Baseline"
"tm_5_38-17189/atl_2026_5","38-17189","2026-05-20 18:43:59","2026-05-23",800098,"204","1",11,13,3,178.15,534.45,"E","Infiniti Club Infield"
"tm_5_38-60008/atl_2026_9","38-60008","2026-05-23 15:09:58","2026-06-06",800099,"410","13",12,14,3,15.82,47.46,"P","Standing Room"
"tm_5_38-98188/atl_2026_3","38-98188","2026-06-04 16:42:54","2026-07-03",800100,"308","3",3,6,4,62.5,250,"J","Vista Baseline"
"tm_5_38-88611/atl_2026_1","38-88611","2026-03-24 16:51:52","2026-04-16",800101,"410","2",11,13,3,21.76,65.28,"P","Standing Room"
"tm_5_38-24110/atl_2026_10","38-24110","2026-04-05 15:28:51","2026-04-21",800102,"103","3",19,22,4,240.8,963.2,"A","Dugout Infield"
"tm_5_38-16144/atl_2026_8","38-16144","2026-05-27 20:33:09","2026-06-02",800103,"316","1",9,11,3,50.93,152.79,"L","Vista Terrace"
"tm_5_38-45969/atl_2026_1","38-45969","2026-05-19 11:16:40","2026-06-12",800104,"306","5",15,20,6,53.2,319.2,"J","Vista Baseline"
"tm_5_38-81468/atl_2026_10","38-81468","2026-05-05 14:08:33","2026-05-08",800105,"406","10",18,19,2,31.34,62.68,"N","SunTrust Deck Outfield"
"tm_5_38-28989/atl_2026_8","38-28989","2026-06-28 17:14:50","2026-06-29",800106,"308","9",16,19,4,71.44,285.76,"J","Vista Baseline"
"tm_5_38-52404/atl_2026_10","38-52404","2026-05-01 18:49:24","2026-05-20",800107,"120","1",8,8,1,214.22,214.22,"D","Lower Outfield"
"tm_5_38-15963/atl_2026_4","38-15963","2026-04-15 18:01:44","2026-05-09",800108,"102","2",16,19,4,287.25,1149,"A","Dugout Infield"
"tm_5_38-17174/atl_2026_1","38-17174","2026-05-23 21:02:09","2026-06-21",800109,"407","5",5,6,2,28.04,56.08,"O","SunTrust Deck Terrace"
"tm_5_38-49652/atl_2026_3","38-49652","2026-06-09 12:38:56","2026-07-04",800110,"110","5",4,5,2,206.7,413.4,"B","Lower Infield"
"tm_5_38-20642/atl_2026_9","38-20642","2026-06-11 16:15:07","2026-07-02",800111,"113","4",17,19,3,220.97,662.91,"C","Lower Baseline"
"tm_5_38-63730/atl_2026_6","38-63730","2026-04-19 21:41:06","2026-05-11",800112,"113","2",18,19,2,214.1,428.2,"C","Lower Baseline"
"tm_5_38-52075/atl_2026_3","38-52075","2026-06-13 18:37:52","2026-06-29",800113,"317","10",13,14,2,48.85,97.7,"L","Vista Terrace"
"tm_5_38-44825/atl_2026_1","38-44825","2026-04-16 13:00:50","2026-05-06",800114,"220","7",2,5,4,79.03,316.12,"H","Club Terrace"
"tm_5_38-93971/atl_2026_10","38-93971","2026-03-18 17:02:58","2026-03-30",800115,"401","14",11,13,3,35.37,106.11,"M","SunTrust Deck Infield"
"tm_5_38-46750/atl_2026_2","38-46750","2026-04-08 09:01:55","2026-04-22",800116,"316","7",12,13,2,49.02,98.04,"L","Vista Terrace"
"tm_5_38-51298/atl_2026_6","38-51298","2026-05-06 18:15:01","2026-05-09",800117,"316","10",1,4,4,41.36,165.44,"L","Vista Terrace"
"tm_5_38-71197/atl_2026_3","38-71197","2026-04-26 20:32:10","2026-05-17",800118,"320","4",6,6,1,51.29,51.29,"L","Vista Terrace"
"tm_5_38-99421/atl_2026_4","38-99421","2026-05-26 20:20:08","2026-06-09",800119,"211","8",14,15,2,91.9,183.8,"G","Infiniti Club Outfield"
"tm_5_38-42910/atl_2026_9","38-42910","2026-04-20 15:07:22","2026-05-09",800120,"211","6",8,10,3,95.81,287.43,"G","Infiniti Club Outfield"
"tm_5_38-92105/atl_2026_4","38-92105","2026-04-08 17:27:28","2026-04-13",800121,"319","12",5,8,4,44.58,178.32,"L","Vista Terrace"
"tm_5_38-14052/atl_2026_5","38-14052","2026-06-12 09:11:06","2026-06-13",800122,"214","5",1,4,4,107.3,429.2,"G","Infiniti Club Outfield"
"tm_5_38-83604/atl_2026_1","38-83604","2026-05-21 10:17:41","2026-05-22",800123,"402","13",10,15,6,43.69,262.14,"M","SunTrust Deck Infield"
"tm_5_38-19420/atl_2026_1","38-19420","2026-03-19 17:51:37","2026-04-05",800124,"215","1",19,21,3,101.3,303.9,"G","Infiniti Club Outfield"
"tm_5_38-90429/atl_2026_10","38-90429","2026-05-08 09:22:38","2026-05-26",800125,"108","6",9,14,6,264.93,1589.58,"B","Lower Infield"
"tm_5_38-50487/atl_2026_9","38-50487","2026-04-05 10:58:31","2026-04-10",800126,"318","7",18,22,5,48.66,243.3,"L","Vista Terrace"
"tm_5_38-73219/atl_2026_9","38-73219","2026-06-03 16:49:40","2026-06-23",800127,"401","8",15,17,3,40.41,121.23,"M","SunTrust Deck Infield"
"tm_5_38-63736/atl_2026_9","38-63736","2026-04-25 17:52:21","2026-05-01",800128,"118","4",4,5,2,180.37,360.74,"D","Lower Outfield"
"tm_5_38-19966/atl_2026_4","38-19966","2026-04-10 13:10:17","2026-04-19",800129,"410","15",15,16,2,16.81,33.62,"P","Standing Room"
"tm_5_38-13069/atl_2026_9","38-13069","2026-05-09 15:17:28","2026-06-02",800130,"403","8",7,9,3,45.45,136.35,"M","SunTrust Deck Infield"
"tm_5_38-47481/atl_2026_6","38-47481","2026-06-01 18:37:19","2026-06-27",800131,"404","5",5,8,4,33.88,135.52,"N","SunTrust Deck Outfield"
"tm_5_38-37445/atl_2026_7","38-37445","2026-06-07 12:26:03","2026-06-26",800132,"315","3",9,13,5,55.63,278.15,"K","Vista Outfield"
"tm_5_38-72460/atl_2026_4","38-72460","2026-02-26 16:53:03","2026-03-27",800133,"301","3",10,11,2,86.67,173.34,"I","Vista Infield"
"tm_5_38-38047/atl_2026_7","38-38047","2026-06-06 19:42:32","2026-07-02",800134,"214","6",19,22,4,132.65,530.6,"G","Infiniti Club Outfield"
"tm_5_38-22493/atl_2026_6","38-22493","2026-03-26 16:48:22","2026-04-01",800135,"406","11",14,16,3,28.7,86.1,"N","SunTrust Deck Outfield"
"tm_5_38-20689/atl_2026_1","38-20689","2026-03-08 18:23:52","2026-04-05",800136,"217","7",13,18,6,82.22,493.32,"H","Club Terrace"
"tm_5_38-71281/atl_2026_10","38-71281","2026-04-09 12:24:40","2026-04-17",800137,"201","8",11,14,4,179.95,719.8,"E","Infiniti Club Infield"
"tm_5_38-69078/atl_2026_1","38-69078","2026-03-09 20:53:01","2026-04-05",800138,"307","3",17,17,1,72.07,72.07,"J","Vista Baseline"
"tm_5_38-40680/atl_2026_5","38-40680","2026-03-06 17:29:33","2026-03-30",800139,"211","1",13,15,3,128.28,384.84,"G","Infiniti Club Outfield"
"tm_5_38-94617/atl_2026_10","38-94617","2026-05-20 11:54:50","2026-06-15",800140,"406","6",3,5,3,32.7,98.1,"N","SunTrust Deck Outfield"
"tm_5_38-12074/atl_2026_8","38-12074","2026-04-21 15:35:53","2026-05-08",800141,"110","7",20,22,3,245.16,735.48,"B","Lower Infield"
"tm_5_38-74358/atl_2026_10","38-74358","2026-03-16 10:30:58","2026-03-28",800142,"204","6",6,9,4,139.9,559.6,"E","Infiniti Club Infield"
"tm_5_38-60137/atl_2026_2","38-60137","2026-04-04 11:51:09","2026-04-21",800143,"201","5",7,9,3,185.9,557.7,"E","Infiniti Club Infield"
"tm_5_38-69394/atl_2026_5","38-69394","2026-03-29 11:30:47","2026-04-23",800144,"317","8",14,19,6,37.9,227.4,"L","Vista Terrace"
"tm_5_38-36322/atl_2026_6","38-36322","2026-03-14 11:01:26","2026-04-10",800145,"305","12",13,16,4,71.91,287.64,"I","Vista Infield"
"tm_5_38-96991/atl_2026_3","38-96991","2026-04-03 13:04:40","2026-04-23",800146,"311","8",7,12,6,62,372,"K","Vista Outfield"
"tm_5_38-84411/atl_2026_7","38-84411","2026-06-06 09:32:50","2026-06-21",800147,"302","4",16,18,3,78.05,234.15,"I","Vista Infield"
"tm_5_38-61341/atl_2026_10","38-61341","2026-03-13 17:58:51","2026-04-01",800148,"206","6",10,12,3,117.77,353.31,"F","Infiniti Club Baseline"
"tm_5_38-36921/atl_2026_4","38-36921","2026-05-21 12:40:03","2026-05-22",800149,"305","10",9,10,2,67.41,134.82,"I","Vista Infield"
"tm_5_38-13835/atl_2026_2","38-13835","2026-05-06 11:22:29","2026-05-14",800150,"116","3",20,22,3,186.01,558.03,"D","Lower Outfield"
"tm_5_38-82146/atl_2026_10","38-82146","2026-05-17 09:10:58","2026-05-29",800151,"217","10",6,7,2,103.27,206.54,"H","Club Terrace"
"tm_5_38-49182/atl_2026_8","38-49182","2026-06-12 09:01:33","2026-07-03",800152,"315","5",8,8,1,68.94,68.94,"K","Vista Outfield"
"tm_5_38-58936/atl_2026_10","38-58936","2026-05-31 16:48:02","2026-05-31",800153,"410","15",9,11,3,19.05,57.15,"P","Standing Room"
"tm_5_38-13091/atl_2026_8","38-13091","2026-04-03 18:39:10","2026-04-16",800154,"304","11",6,10,5,95.23,476.15,"I","Vista Infield"
"tm_5_38-35914/atl_2026_6","38-35914","2026-04-30 16:08:25","2026-05-14",800155,"307","9",8,10,3,53.46,160.38,"J","Vista Baseline"
"tm_5_38-23626/atl_2026_5","38-23626","2026-04-12 14:35:04","2026-04-14",800156,"401","12",2,6,5,30.28,151.4,"M","SunTrust Deck Infield"
"tm_5_38-55451/atl_2026_10","38-55451","2026-07-06 09:01:00","2026-07-08",800157,"406","1",15,19,5,23.04,115.2,"N","SunTrust Deck Outfield"
"tm_5_38-14989/atl_2026_8","38-14989","2026-05-19 13:49:05","2026-05-24",800158,"308","3",12,14,3,57.4,172.2,"J","Vista Baseline"
"tm_5_38-93798/atl_2026_8","38-93798","2026-04-11 12:56:16","2026-04-27",800159,"320","11",8,9,2,39.18,78.36,"L","Vista Terrace"
"tm_5_38-20610/atl_2026_1","38-20610","2026-03-13 10:12:11","2026-03-30",800160,"115","2",11,13,3,184.45,553.35,"C","Lower Baseline"
"tm_5_38-17263/atl_2026_1","38-17263","2026-05-19 09:21:19","2026-05-22",800161,"205","6",17,19,3,118.1,354.3,"E","Infiniti Club Infield"
"tm_5_38-32314/atl_2026_6","38-32314","2026-03-03 12:59:19","2026-03-28",800162,"106","3",6,10,5,200.66,1003.3,"B","Lower Infield"
"tm_5_38-44590/atl_2026_2","38-44590","2026-05-04 17:22:49","2026-05-24",800163,"219","1",11,13,3,89.79,269.37,"H","Club Terrace"
"tm_5_38-40464/atl_2026_6","38-40464","2026-04-18 20:35:05","2026-04-26",800164,"106","7",10,12,3,267.89,803.67,"B","Lower Infield"
"tm_5_38-95573/atl_2026_6","38-95573","2026-06-11 13:16:01","2026-06-20",800165,"407","12",16,17,2,27.53,55.06,"O","SunTrust Deck Terrace"
"tm_5_38-65780/atl_2026_7","38-65780","2026-03-28 13:29:02","2026-04-11",800166,"405","6",9,11,3,28.51,85.53,"N","SunTrust Deck Outfield"
"tm_5_38-68310/atl_2026_5","38-68310","2026-05-15 14:48:37","2026-06-09",800167,"406","6",19,20,2,29.98,59.96,"N","SunTrust Deck Outfield"
"tm_5_38-96975/atl_2026_5","38-96975","2026-04-22 15:39:39","2026-05-16",800168,"311","11",1,5,5,68.24,341.2,"K","Vista Outfield"
"tm_5_38-16412/atl_2026_4","38-16412","2026-06-09 18:31:31","2026-07-03",800169,"211","1",5,7,3,114.95,344.85,"G","Infiniti Club Outfield"
"tm_5_38-64956/atl_2026_2","38-64956","2026-03-24 14:50:13","2026-04-17",800170,"207","8",8,12,5,107.59,537.95,"F","Infiniti Club Baseline"
"tm_5_38-81522/atl_2026_9","38-81522","2026-04-19 17:29:40","2026-05-06",800171,"111","6",14,17,4,195.94,783.76,"C","Lower Baseline"
"tm_5_38-95600/atl_2026_9","38-95600","2026-05-25 17:52:45","2026-05-29",800172,"214","7",7,9,3,97.81,293.43,"G","Infiniti Club Outfield"
"tm_5_38-89928/atl_2026_3","38-89928","2026-06-15 14:00:49","2026-06-30",800173,"406","7",11,12,2,26.02,52.04,"N","SunTrust Deck Outfield"
"tm_5_38-18710/atl_2026_5","38-18710","2026-05-13 17:53:28","2026-05-24",800174,"112","8",7,10,4,252.83,1011.32,"C","Lower Baseline"
"tm_5_38-58526/atl_2026_8","38-58526","2026-05-17 15:11:07","2026-06-14",800175,"404","10",5,6,2,31.7,63.4,"N","SunTrust Deck Outfield"
"tm_5_38-94963/atl_2026_8","38-94963","2026-04-26 18:21:05","2026-05-03",800176,"205","6",14,15,2,178.59,357.18,"E","Infiniti Club Infield"
"tm_5_38-67426/atl_2026_3","38-67426","2026-06-29 16:54:56","2026-07-05",800177,"209","3",3,4,2,137.59,275.18,"F","Infiniti Club Baseline"
"tm_5_38-97232/atl_2026_1","38-97232","2026-05-17 09:52:26","2026-06-05",800178,"204","2",19,21,3,180.24,540.72,"E","Infiniti Club Infield"
"tm_5_38-16309/atl_2026_10","38-16309","2026-05-26 09:21:40","2026-05-30",800179,"112","6",20,20,1,167.83,167.83,"C","Lower Baseline"
"tm_5_38-48277/atl_2026_6","38-48277","2026-03-26 20:21:50","2026-04-02",800180,"210","9",20,25,6,118.18,709.08,"F","Infiniti Club Baseline"
"tm_5_38-55040/atl_2026_7","38-55040","2026-07-06 13:34:39","2026-07-07",800181,"314","2",11,12,2,60.4,120.8,"K","Vista Outfield"
"tm_5_38-96852/atl_2026_10","38-96852","2026-04-05 15:07:19","2026-04-05",800182,"308","3",16,19,4,83.18,332.72,"J","Vista Baseline"
"tm_5_38-37287/atl_2026_1","38-37287","2026-04-15 17:10:19","2026-04-27",800183,"313","11",9,11,3,66.64,199.92,"K","Vista Outfield"
"tm_5_38-48331/atl_2026_5","38-48331","2026-05-28 19:27:47","2026-06-07",800184,"310","1",1,2,2,52.91,105.82,"J","Vista Baseline"
"tm_5_38-80990/atl_2026_7","38-80990","2026-04-14 16:06:44","2026-04-19",800185,"320","8",1,3,3,36.36,109.08,"L","Vista Terrace"
"tm_5_38-56105/atl_2026_9","38-56105","2026-05-21 21:22:18","2026-06-02",800186,"104","5",15,17,3,311.32,933.96,"A","Dugout Infield"
"tm_5_38-29393/atl_2026_10","38-29393","2026-05-23 20:06:16","2026-05-25",800187,"404","1",20,24,5,26.66,133.3,"N","SunTrust Deck Outfield"
"tm_5_38-59165/atl_2026_3","38-59165","2026-06-06 21:53:57","2026-06-13",800188,"317","5",15,17,3,45.6,136.8,"L","Vista Terrace"
"tm_5_38-28519/atl_2026_8","38-28519","2026-03-18 17:57:46","2026-04-06",800189,"403","11",11,13,3,32.05,96.15,"M","SunTrust Deck Infield"
"tm_5_38-36123/atl_2026_2","38-36123","2026-06-23 19:41:12","2026-07-05",800190,"407","9",9,12,4,17.94,71.76,"O","SunTrust Deck Terrace"
"tm_5_38-18344/atl_2026_1","38-18344","2026-04-27 21:29:46","2026-04-27",800191,"407","1",12,14,3,26.76,80.28,"O","SunTrust Deck Terrace"
"tm_5_38-86078/atl_2026_9","38-86078","2026-03-16 20:19:09","2026-04-10",800192,"406","10",4,6,3,29.35,88.05,"N","SunTrust Deck Outfield"
"tm_5_38-59572/atl_2026_4","38-59572","2026-05-26 13:50:23","2026-06-20",800193,"219","7",20,24,5,78.11,390.55,"H","Club Terrace"
"tm_5_38-45141/atl_2026_7","38-45141","2026-05-16 09:55:19","2026-05-25",800194,"202","5",7,10,4,181.65,726.6,"E","Infiniti Club Infield"
"tm_5_38-93036/atl_2026_8","38-93036","2026-04-26 15:06:06","2026-05-25",800195,"406","15",13,15,3,25.63,76.89,"N","SunTrust Deck Outfield"
"tm_5_38-72380/atl_2026_7","38-72380","2026-06-09 21:20:22","2026-06-26",800196,"219","5",6,11,6,98.8,592.8,"H","Club Terrace"
"tm_5_38-33723/atl_2026_10","38-33723","2026-04-04 10:29:37","2026-04-14",800197,"316","6",20,22,3,40.66,121.98,"L","Vista Terrace"
"tm_5_38-23931/atl_2026_6","38-23931","2026-06-09 16:34:30","2026-06-13",800198,"108","3",14,16,3,234.06,702.18,"B","Lower Infield"
"tm_5_38-56567/atl_2026_7","38-56567","2026-05-07 15:33:29","2026-05-09",800199,"403","3",14,15,2,44.02,88.04,"M","SunTrust Deck Infield"
"tm_5_38-13162/atl_2026_8","38-13162","2026-06-06 10:25:10","2026-06-23",800200,"315","4",18,19,2,63.03,126.06,"K","Vista Outfield"
"tm_5_38-44442/atl_2026_8","38-44442","2026-07-07 21:39:10","2026-07-10",800201,"309","12",1,4,4,76.91,307.64,"J","Vista Baseline"
"tm_5_38-34011/atl_2026_4","38-34011","2026-05-28 19:06:22","2026-06-20",800202,"302","2",2,4,3,84.7,254.1,"I","Vista Infield"
"tm_5_38-19113/atl_2026_3","38-19113","2026-06-17 13:01:14","2026-06-26",800203,"407","3",14,17,4,21.72,86.88,"O","SunTrust Deck Terrace"
"tm_5_38-85686/atl_2026_2","38-85686","2026-03-21 09:04:33","2026-04-17",800204,"410","2",2,3,2,18.92,37.84,"P","Standing Room"
"tm_5_38-25867/atl_2026_9","38-25867","2026-05-17 14:24:08","2026-05-31",800205,"303","11",17,18,2,74.49,148.98,"I","Vista Infield"
"tm_5_38-23315/atl_2026_2","38-23315","2026-05-29 09:28:38","2026-06-23",800206,"314","10",15,19,5,67.9,339.5,"K","Vista Outfield"
"tm_5_38-41120/atl_2026_3","38-41120","2026-04-17 14:42:41","2026-05-08",800207,"220","1",10,14,5,76.41,382.05,"H","Club Terrace"
"tm_5_38-66186/atl_2026_9","38-66186","2026-04-23 15:43:38","2026-05-14",800208,"317","2",1,3,3,56.53,169.59,"L","Vista Terrace"
"tm_5_38-71479/atl_2026_3","38-71479","2026-06-13 17:57:28","2026-06-14",800209,"307","8",5,10,6,60.6,363.6,"J","Vista Baseline"
"tm_5_38-88080/atl_2026_2","38-88080","2026-03-14 20:18:45","2026-03-30",800210,"218","4",7,9,3,83.78,251.34,"H","Club Terrace"
"tm_5_38-63626/atl_2026_10","38-63626","2026-04-19 14:21:47","2026-04-27",800211,"106","1",11,11,1,255.97,255.97,"B","Lower Infield"
"tm_5_38-16831/atl_2026_1","38-16831","2026-05-10 14:21:45","2026-05-25",800212,"113","7",8,12,5,212.35,1061.75,"C","Lower Baseline"
"tm_5_38-42463/atl_2026_5","38-42463","2026-04-07 12:07:46","2026-04-16",800213,"310","6",5,8,4,66.05,264.2,"J","Vista Baseline"
"tm_5_38-51908/atl_2026_9","38-51908","2026-07-02 13:29:54","2026-07-11",800214,"315","12",11,13,3,60.64,181.92,"K","Vista Outfield"
"tm_5_38-65692/atl_2026_1","38-65692","2026-04-15 17:43:15","2026-05-01",800215,"410","13",14,16,3,14.7,44.1,"P","Standing Room"
"tm_5_38-13967/atl_2026_4","38-13967","2026-04-19 09:23:34","2026-04-26",800216,"315","9",12,14,3,59,177,"K","Vista Outfield"
"tm_5_38-18928/atl_2026_6","38-18928","2026-05-29 21:32:06","2026-06-24",800217,"305","9",18,21,4,67.87,271.48,"I","Vista Infield"
"tm_5_38-28402/atl_2026_10","38-28402","2026-04-02 09:11:17","2026-04-20",800218,"409","5",13,18,6,23.98,143.88,"O","SunTrust Deck Terrace"
"tm_5_38-37627/atl_2026_8","38-37627","2026-06-08 18:45:19","2026-06-20",800219,"305","4",19,24,6,93.63,561.78,"I","Vista Infield"
"tm_5_38-88293/atl_2026_6","38-88293","2026-05-11 21:03:01","2026-05-24",800220,"301","4",19,21,3,92.06,276.18,"I","Vista Infield"
"tm_5_38-60909/atl_2026_8","38-60909","2026-06-16 19:01:48","2026-07-04",800221,"216","7",5,6,2,77.23,154.46,"H","Club Terrace"
"tm_5_38-51574/atl_2026_7","38-51574","2026-04-13 12:40:29","2026-05-10",800222,"118","3",10,11,2,137.98,275.96,"D","Lower Outfield"
"tm_5_38-58201/atl_2026_4","38-58201","2026-04-10 18:33:17","2026-05-10",800223,"102","3",16,20,5,316.95,1584.75,"A","Dugout Infield"
"tm_5_38-32326/atl_2026_9","38-32326","2026-06-11 18:03:22","2026-06-20",800224,"319","11",7,10,4,47.92,191.68,"L","Vista Terrace"
"tm_5_38-35570/atl_2026_9","38-35570","2026-05-27 14:49:20","2026-06-24",800225,"203","9",19,20,2,177.06,354.12,"E","Infiniti Club Infield"
"tm_5_38-61452/atl_2026_6","38-61452","2026-05-11 11:35:06","2026-05-22",800226,"202","7",2,7,6,186.33,1117.98,"E","Infiniti Club Infield"
"tm_5_38-50807/atl_2026_9","38-50807","2026-03-05 15:16:04","2026-03-28",800227,"119","5",7,8,2,203.26,406.52,"D","Lower Outfield"
"tm_5_38-64925/atl_2026_5","38-64925","2026-03-05 17:15:39","2026-03-28",800228,"317","2",20,21,2,46.27,92.54,"L","Vista Terrace"
"tm_5_38-54876/atl_2026_5","38-54876","2026-06-12 20:18:00","2026-06-29",800229,"108","2",8,10,3,239.54,718.62,"B","Lower Infield"
"tm_5_38-94646/atl_2026_10","38-94646","2026-04-18 21:45:56","2026-05-05",800230,"119","8",13,16,4,178.14,712.56,"D","Lower Outfield"
"tm_5_38-40922/atl_2026_10","38-40922","2026-06-09 12:14:02","2026-06-12",800231,"404","12",6,7,2,32.75,65.5,"N","SunTrust Deck Outfield"
"tm_5_38-21432/atl_2026_10","38-21432","2026-03-03 14:20:56","2026-03-29",800232,"306","11",6,6,1,76.89,76.89,"J","Vista Baseline"
"tm_5_38-18943/atl_2026_8","38-18943","2026-05-26 17:21:45","2026-06-13",800233,"306","8",3,4,2,66.02,132.04,"J","Vista Baseline"
"tm_5_38-50027/atl_2026_3","38-50027","2026-03-17 19:27:59","2026-04-04",800234,"119","1",20,21,2,219.37,438.74,"D","Lower Outfield"
"tm_5_38-51705/atl_2026_9","38-51705","2026-06-13 10:47:35","2026-06-21",800235,"110","7",1,6,6,240.83,1444.98,"B","Lower Infield"
"tm_5_38-50493/atl_2026_5","38-50493","2026-03-24 10:00:50","2026-04-06",800236,"315","11",17,20,4,44.84,179.36,"K","Vista Outfield"
"tm_5_38-63679/atl_2026_6","38-63679","2026-04-12 17:20:58","2026-04-20",800237,"218","3",1,3,3,97.66,292.98,"H","Club Terrace"
"tm_5_38-70379/atl_2026_6","38-70379","2026-05-07 09:09:57","2026-05-25",800238,"405","8",12,13,2,27.38,54.76,"N","SunTrust Deck Outfield"
"tm_5_38-96915/atl_2026_6","38-96915","2026-06-23 14:20:14","2026-07-11",800239,"213","9",18,19,2,104.43,208.86,"G","Infiniti Club Outfield"
"tm_5_38-34687/atl_2026_5","38-34687","2026-06-20 12:01:16","2026-07-10",800240,"114","1",5,7,3,197.66,592.98,"C","Lower Baseline"
"tm_5_38-86598/atl_2026_5","38-86598","2026-06-20 15:51:21","2026-06-23",800241,"106","8",13,13,1,280.54,280.54,"B","Lower Infield"
"tm_5_38-60300/atl_2026_8","38-60300","2026-03-17 12:01:57","2026-03-27",800242,"401","2",19,23,5,39.74,198.7,"M","SunTrust Deck Infield"
"tm_5_38-32428/atl_2026_8","38-32428","2026-06-05 17:58:15","2026-06-09",800243,"313","7",13,14,2,63.99,127.98,"K","Vista Outfield"
"tm_5_38-15389/atl_2026_4","38-15389","2026-04-26 14:59:12","2026-05-09",800244,"405","10",1,3,3,30.38,91.14,"N","SunTrust Deck Outfield"
"tm_5_38-87974/atl_2026_2","38-87974","2026-03-20 10:40:22","2026-04-15",800245,"405","10",8,8,1,22.91,22.91,"N","SunTrust Deck Outfield"
"tm_5_38-80759/atl_2026_1","38-80759","2026-07-07 19:49:21","2026-07-09",800246,"305","10",5,5,1,67.71,67.71,"I","Vista Infield"
"tm_5_38-53064/atl_2026_9","38-53064","2026-06-15 11:56:41","2026-06-24",800247,"319","12",12,13,2,44.91,89.82,"L","Vista Terrace"
"tm_5_38-81626/atl_2026_8","38-81626","2026-05-28 12:13:19","2026-06-05",800248,"312","6",15,16,2,44.01,88.02,"K","Vista Outfield"
"tm_5_38-24195/atl_2026_4","38-24195","2026-04-13 11:02:06","2026-05-08",800249,"318","5",16,21,6,39.29,235.74,"L","Vista Terrace"
"tm_5_38-67046/atl_2026_7","38-67046","2026-06-07 13:10:53","2026-06-14",800250,"409","6",18,22,5,28.41,142.05,"O","SunTrust Deck Terrace"
"tm_5_38-16099/atl_2026_5","38-16099","2026-05-30 20:21:54","2026-06-26",800251,"404","7",13,14,2,27.34,54.68,"N","SunTrust Deck Outfield"
"tm_5_38-85447/atl_2026_10","38-85447","2026-06-18 12:48:13","2026-07-08",800252,"108","6",11,16,6,220.31,1321.86,"B","Lower Infield"
"tm_5_38-79859/atl_2026_1","38-79859","2026-06-25 20:36:14","2026-06-29",800253,"402","4",7,7,1,30.77,30.77,"M","SunTrust Deck Infield"
"tm_5_38-52061/atl_2026_1","38-52061","2026-04-26 14:45:23","2026-05-15",800254,"214","4",18,21,4,91.78,367.12,"G","Infiniti Club Outfield"
"tm_5_38-22848/atl_2026_10","38-22848","2026-04-22 21:59:31","2026-05-01",800255,"408","9",11,12,2,21.06,42.12,"O","SunTrust Deck Terrace"
"tm_5_38-42261/atl_2026_9","38-42261","2026-06-02 10:39:03","2026-06-23",800256,"216","6",6,10,5,88.28,441.4,"H","Club Terrace"
"tm_5_38-71736/atl_2026_3","38-71736","2026-06-29 11:37:19","2026-07-08",800257,"302","4",8,11,4,95.37,381.48,"I","Vista Infield"
"tm_5_38-38549/atl_2026_10","38-38549","2026-03-19 09:36:26","2026-04-03",800258,"205","1",7,8,2,179.3,358.6,"E","Infiniti Club Infield"
"tm_5_38-36783/atl_2026_5","38-36783","2026-04-03 14:15:42","2026-04-17",800259,"320","5",20,25,6,39.88,239.28,"L","Vista Terrace"
"tm_5_38-15553/atl_2026_9","38-15553","2026-03-14 21:35:57","2026-04-11",800260,"315","12",6,9,4,61.56,246.24,"K","Vista Outfield"
"tm_5_38-86472/atl_2026_8","38-86472","2026-06-02 12:17:09","2026-06-07",800261,"217","1",16,17,2,89.63,179.26,"H","Club Terrace"
"tm_5_38-97368/atl_2026_3","38-97368","2026-04-13 12:52:56","2026-05-13",800262,"218","7",4,7,4,89.37,357.48,"H","Club Terrace"
"tm_5_38-44168/atl_2026_3","38-44168","2026-05-26 14:42:10","2026-06-20",800263,"312","10",7,8,2,52.05,104.1,"K","Vista Outfield"
"tm_5_38-45636/atl_2026_8","38-45636","2026-07-08 18:31:27","2026-07-08",800264,"320","9",1,6,6,44.27,265.62,"L","Vista Terrace"
"tm_5_38-14483/atl_2026_8","38-14483","2026-03-21 15:42:44","2026-04-01",800265,"303","1",4,7,4,85.16,340.64,"I","Vista Infield"
"tm_5_38-71514/atl_2026_9","38-71514","2026-04-16 10:42:27","2026-04-27",800266,"109","7",1,6,6,260.9,1565.4,"B","Lower Infield"
"tm_5_38-52269/atl_2026_2","38-52269","2026-06-02 16:50:23","2026-07-02",800267,"302","11",7,11,5,75.01,375.05,"I","Vista Infield"
"tm_5_38-50940/atl_2026_10","38-50940","2026-04-22 10:42:53","2026-05-10",800268,"318","9",18,18,1,36.17,36.17,"L","Vista Terrace"
"tm_5_38-47188/atl_2026_6","38-47188","2026-03-19 13:56:22","2026-03-29",800269,"111","7",13,18,6,161,966,"C","Lower Baseline"
"tm_5_38-64474/atl_2026_10","38-64474","2026-04-07 18:34:07","2026-04-16",800270,"311","11",19,21,3,67.84,203.52,"K","Vista Outfield"
"tm_5_38-89731/atl_2026_10","38-89731","2026-03-28 19:14:11","2026-04-22",800271,"404","14",5,8,4,27.57,110.28,"N","SunTrust Deck Outfield"
"tm_5_38-74484/atl_2026_10","38-74484","2026-06-01 15:12:52","2026-06-20",800272,"310","9",3,5,3,63.08,189.24,"J","Vista Baseline"
"tm_5_38-88189/atl_2026_1","38-88189","2026-05-04 10:34:23","2026-05-17",800273,"401","8",19,20,2,29.36,58.72,"M","SunTrust Deck Infield"
"tm_5_38-45166/atl_2026_3","38-45166","2026-07-09 21:55:38","2026-07-09",800274,"115","4",7,7,1,166.67,166.67,"C","Lower Baseline"
"tm_5_38-40830/atl_2026_8","38-40830","2026-05-08 13:24:21","2026-06-05",800275,"219","1",16,18,3,109.17,327.51,"H","Club Terrace"
"tm_5_38-39831/atl_2026_10","38-39831","2026-05-17 15:21:08","2026-05-29",800276,"314","2",17,22,6,63.65,381.9,"K","Vista Outfield"
"tm_5_38-23094/atl_2026_2","38-23094","2026-06-28 20:37:12","2026-06-30",800277,"107","8",10,13,4,201.34,805.36,"B","Lower Infield"
"tm_5_38-13749/atl_2026_10","38-13749","2026-04-22 20:20:52","2026-04-22",800278,"314","2",7,10,4,55.12,220.48,"K","Vista Outfield"
"tm_5_38-15655/atl_2026_4","38-15655","2026-06-07 12:29:32","2026-06-24",800279,"405","1",11,15,5,36.34,181.7,"N","SunTrust Deck Outfield"
"tm_5_38-44556/atl_2026_4","38-44556","2026-03-03 19:10:02","2026-04-02",800280,"306","2",16,18,3,56.37,169.11,"J","Vista Baseline"
"tm_5_38-36966/atl_2026_8","38-36966","2026-06-18 18:33:06","2026-06-24",800281,"408","4",14,15,2,25.84,51.68,"O","SunTrust Deck Terrace"
"tm_5_38-50554/atl_2026_8","38-50554","2026-05-25 12:06:00","2026-06-07",800282,"306","5",11,12,2,78.01,156.02,"J","Vista Baseline"
"tm_5_38-74423/atl_2026_7","38-74423","2026-04-16 20:02:26","2026-05-14",800283,"310","11",2,5,4,82.77,331.08,"J","Vista Baseline"
"tm_5_38-58273/atl_2026_1","38-58273","2026-04-20 14:37:44","2026-04-21",800284,"206","3",6,7,2,150.88,301.76,"F","Infiniti Club Baseline"
"tm_5_38-74259/atl_2026_10","38-74259","2026-06-04 14:18:02","2026-06-30",800285,"407","8",15,16,2,22.9,45.8,"O","SunTrust Deck Terrace"
"tm_5_38-25981/atl_2026_1","38-25981","2026-06-04 10:21:57","2026-06-27",800286,"309","9",2,5,4,60.28,241.12,"J","Vista Baseline"
"tm_5_38-62802/atl_2026_7","38-62802","2026-03-28 20:05:16","2026-04-25",800287,"402","14",11,13,3,43.72,131.16,"M","SunTrust Deck Infield"
"tm_5_38-62257/atl_2026_10","38-62257","2026-03-02 17:22:13","2026-03-27",800288,"201","8",14,15,2,169.78,339.56,"E","Infiniti Club Infield"
"tm_5_38-18568/atl_2026_8","38-18568","2026-05-29 10:14:09","2026-06-28",800289,"217","8",15,17,3,77.65,232.95,"H","Club Terrace"
"tm_5_38-24257/atl_2026_2","38-24257","2026-03-30 09:32:39","2026-04-24",800290,"319","8",14,16,3,54.61,163.83,"L","Vista Terrace"
"tm_5_38-62644/atl_2026_10","38-62644","2026-05-26 11:38:38","2026-06-14",800291,"217","8",11,11,1,77.47,77.47,"H","Club Terrace"
"tm_5_38-44850/atl_2026_9","38-44850","2026-03-11 11:42:09","2026-04-03",800292,"310","2",8,9,2,82.74,165.48,"J","Vista Baseline"
"tm_5_38-93352/atl_2026_7","38-93352","2026-04-25 15:09:17","2026-05-14",800293,"313","5",1,4,4,52.08,208.32,"K","Vista Outfield"
"tm_5_38-26705/atl_2026_8","38-26705","2026-03-30 11:49:04","2026-04-11",800294,"118","4",14,19,6,213.73,1282.38,"D","Lower Outfield"
"tm_5_38-45205/atl_2026_1","38-45205","2026-03-19 11:57:42","2026-04-12",800295,"407","9",9,10,2,27.67,55.34,"O","SunTrust Deck Terrace"
"tm_5_38-21225/atl_2026_5","38-21225","2026-03-25 16:33:09","2026-04-18",800296,"315","12",18,22,5,59.05,295.25,"K","Vista Outfield"
"tm_5_38-68197/atl_2026_10","38-68197","2026-05-25 21:29:23","2026-06-19",800297,"404","9",17,18,2,32.97,65.94,"N","SunTrust Deck Outfield"
"tm_5_38-11198/atl_2026_6","38-11198","2026-03-11 09:53:16","2026-04-10",800298,"204","4",10,13,4,136.82,547.28,"E","Infiniti Club Infield"
"tm_5_38-67118/atl_2026_10","38-67118","2026-06-04 21:13:11","2026-06-26",800299,"304","10",3,5,3,97.13,291.39,"I","Vista Infield"
"tm_5_38-10114/atl_2026_7","38-10114","2026-03-27 17:53:01","2026-04-04",800300,"109","2",6,7,2,245.25,490.5,"B","Lower Infield"
"tm_5_38-95283/atl_2026_3","38-95283","2026-04-16 10:02:01","2026-05-03",800301,"215","8",12,13,2,133.96,267.92,"G","Infiniti Club Outfield"
"tm_5_38-28746/atl_2026_2","38-28746","2026-04-05 21:25:47","2026-04-23",800302,"207","8",8,8,1,140.84,140.84,"F","Infiniti Club Baseline"
"tm_5_38-34337/atl_2026_3","38-34337","2026-04-25 18:25:38","2026-05-23",800303,"217","9",11,15,5,93.51,467.55,"H","Club Terrace"
"tm_5_38-69388/atl_2026_10","38-69388","2026-03-31 20:15:41","2026-04-10",800304,"207","3",12,15,4,155.82,623.28,"F","Infiniti Club Baseline"
"tm_5_38-69366/atl_2026_7","38-69366","2026-04-07 11:45:14","2026-04-15",800305,"217","6",7,8,2,116.64,233.28,"H","Club Terrace"
"tm_5_38-73046/atl_2026_8","38-73046","2026-04-09 12:34:44","2026-04-26",800306,"211","4",5,8,4,141.05,564.2,"G","Infiniti Club Outfield"
"tm_5_38-22319/atl_2026_4","38-22319","2026-06-23 10:14:57","2026-07-04",800307,"205","4",16,16,1,183.08,183.08,"E","Infiniti Club Infield"
"tm_5_38-25752/atl_2026_5","38-25752","2026-04-16 12:17:05","2026-05-10",800308,"409","6",7,10,4,26.96,107.84,"O","SunTrust Deck Terrace"
"tm_5_38-29002/atl_2026_8","38-29002","2026-05-20 15:07:22","2026-06-07",800309,"302","5",16,18,3,80.03,240.09,"I","Vista Infield"
"tm_5_38-36534/atl_2026_8","38-36534","2026-06-24 15:47:31","2026-06-28",800310,"307","6",3,3,1,57.68,57.68,"J","Vista Baseline"
"tm_5_38-57000/atl_2026_3","38-57000","2026-06-27 18:58:16","2026-07-11",800311,"410","7",15,18,4,15.66,62.64,"P","Standing Room"
"tm_5_38-80851/atl_2026_5","38-80851","2026-03-29 20:13:04","2026-04-10",800312,"201","5",15,18,4,134.41,537.64,"E","Infiniti Club Infield"
"tm_5_38-97890/atl_2026_3","38-97890","2026-03-13 21:28:46","2026-03-29",800313,"408","14",1,2,2,26.47,52.94,"O","SunTrust Deck Terrace"
"tm_5_38-94511/atl_2026_8","38-94511","2026-05-27 10:33:23","2026-06-26",800314,"311","11",15,18,4,50.96,203.84,"K","Vista Outfield"
"tm_5_38-14752/atl_2026_2","38-14752","2026-05-06 13:24:44","2026-05-24",800315,"403","1",17,20,4,44.13,176.52,"M","SunTrust Deck Infield"
"tm_5_38-22847/atl_2026_9","38-22847","2026-03-16 11:18:17","2026-04-04",800316,"410","14",3,4,2,21.97,43.94,"P","Standing Room"
"tm_5_38-46664/atl_2026_3","38-46664","2026-04-29 15:38:21","2026-05-03",800317,"201","1",6,8,3,153.99,461.97,"E","Infiniti Club Infield"
"tm_5_38-62905/atl_2026_5","38-62905","2026-05-24 11:50:54","2026-05-29",800318,"116","1",9,12,4,213.02,852.08,"D","Lower Outfield"
"tm_5_38-53812/atl_2026_8","38-53812","2026-04-13 18:30:00","2026-04-20",800319,"409","6",13,16,4,23.09,92.36,"O","SunTrust Deck Terrace"
"tm_5_38-18575/atl_2026_9","38-18575","2026-05-28 17:45:30","2026-06-26",800320,"408","10",5,6,2,24.77,49.54,"O","SunTrust Deck Terrace"
"tm_5_38-56555/atl_2026_5","38-56555","2026-04-13 20:55:23","2026-04-26",800321,"409","1",15,15,1,25.99,25.99,"O","SunTrust Deck Terrace"
"tm_5_38-45978/atl_2026_3","38-45978","2026-06-17 19:26:51","2026-07-02",800322,"111","1",2,4,3,192.4,577.2,"C","Lower Baseline"
"tm_5_38-61764/atl_2026_2","38-61764","2026-06-22 13:37:12","2026-07-08",800323,"115","1",16,19,4,188,752,"C","Lower Baseline"
"tm_5_38-45564/atl_2026_10","38-45564","2026-04-30 11:30:56","2026-05-06",800324,"113","3",17,19,3,182.93,548.79,"C","Lower Baseline"
"tm_5_38-11760/atl_2026_9","38-11760","2026-03-28 17:32:48","2026-04-04",800325,"320","4",4,4,1,38.8,38.8,"L","Vista Terrace"
"tm_5_38-80451/atl_2026_9","38-80451","2026-03-31 09:14:16","2026-04-20",800326,"303","6",15,18,4,78.62,314.48,"I","Vista Infield"
"tm_5_38-25768/atl_2026_4","38-25768","2026-04-30 21:55:18","2026-05-10",800327,"110","1",20,21,2,267.13,534.26,"B","Lower Infield"
"tm_5_38-71127/atl_2026_5","38-71127","2026-03-05 18:14:57","2026-03-29",800328,"111","5",6,8,3,171.97,515.91,"C","Lower Baseline"
"tm_5_38-37649/atl_2026_2","38-37649","2026-05-03 14:13:34","2026-05-09",800329,"105","1",19,21,3,278.97,836.91,"A","Dugout Infield"
"tm_5_38-92734/atl_2026_3","38-92734","2026-03-31 17:02:42","2026-04-08",800330,"404","15",20,22,3,22.86,68.58,"N","SunTrust Deck Outfield"
"tm_5_38-25515/atl_2026_9","38-25515","2026-03-20 17:18:22","2026-03-30",800331,"403","4",9,10,2,36.3,72.6,"M","SunTrust Deck Infield"
"tm_5_38-68722/atl_2026_5","38-68722","2026-06-20 12:04:31","2026-07-08",800332,"408","12",6,8,3,25.29,75.87,"O","SunTrust Deck Terrace"
"tm_5_38-80309/atl_2026_1","38-80309","2026-05-25 12:23:42","2026-06-14",800333,"218","4",13,14,2,87.95,175.9,"H","Club Terrace"
"tm_5_38-10278/atl_2026_7","38-10278","2026-06-06 09:09:58","2026-06-07",800334,"103","5",17,18,2,305.04,610.08,"A","Dugout Infield"
"tm_5_38-79841/atl_2026_3","38-79841","2026-03-24 21:25:43","2026-04-06",800335,"409","5",2,6,5,25.42,127.1,"O","SunTrust Deck Terrace"
"tm_5_38-22964/atl_2026_8","38-22964","2026-03-01 13:12:09","2026-03-30",800336,"113","6",2,3,2,183.27,366.54,"C","Lower Baseline"
"tm_5_38-53674/atl_2026_2","38-53674","2026-05-26 20:31:53","2026-06-23",800337,"217","2",1,4,4,104.23,416.92,"H","Club Terrace"
"tm_5_38-80813/atl_2026_10","38-80813","2026-05-26 16:40:02","2026-06-15",800338,"401","2",11,12,2,31.33,62.66,"M","SunTrust Deck Infield"
"tm_5_38-12266/atl_2026_10","38-12266","2026-04-09 21:43:35","2026-05-08",800339,"403","3",14,14,1,33.41,33.41,"M","SunTrust Deck Infield"
"tm_5_38-93269/atl_2026_3","38-93269","2026-06-28 13:47:43","2026-07-02",800340,"406","10",1,2,2,26.58,53.16,"N","SunTrust Deck Outfield"
"tm_5_38-84702/atl_2026_6","38-84702","2026-03-26 10:11:16","2026-04-21",800341,"314","6",13,16,4,63.84,255.36,"K","Vista Outfield"
"tm_5_38-44534/atl_2026_4","38-44534","2026-05-07 18:28:24","2026-05-09",800342,"220","1",9,10,2,83.35,166.7,"H","Club Terrace"
"tm_5_38-85266/atl_2026_5","38-85266","2026-04-07 11:33:31","2026-04-12",800343,"410","12",18,20,3,22.81,68.43,"P","Standing Room"
"tm_5_38-81230/atl_2026_10","38-81230","2026-05-27 14:46:49","2026-05-29",800344,"308","7",3,7,5,66.2,331,"J","Vista Baseline"
"tm_5_38-89217/atl_2026_4","38-89217","2026-04-21 20:15:58","2026-04-26",800345,"311","1",3,4,2,47.16,94.32,"K","Vista Outfield"
"tm_5_38-84328/atl_2026_6","38-84328","2026-03-29 17:52:49","2026-04-02",800346,"319","12",11,12,2,44.93,89.86,"L","Vista Terrace"
"tm_5_38-90996/atl_2026_1","38-90996","2026-03-27 20:58:01","2026-03-28",800347,"204","2",10,12,3,138.62,415.86,"E","Infiniti Club Infield"
"tm_5_38-11950/atl_2026_8","38-11950","2026-04-17 14:21:06","2026-05-08",800348,"403","11",11,13,3,41.7,125.1,"M","SunTrust Deck Infield"
"tm_5_38-14143/atl_2026_9","38-14143","2026-06-19 13:13:44","2026-06-30",800349,"406","14",9,10,2,22.47,44.94,"N","SunTrust Deck Outfield"
"tm_5_38-88440/atl_2026_4","38-88440","2026-07-04 15:44:53","2026-07-10",800350,"117","1",3,6,4,205.14,820.56,"D","Lower Outfield"
"tm_5_38-12084/atl_2026_5","38-12084","2026-03-29 18:49:25","2026-04-12",800351,"206","3",4,9,6,126.23,757.38,"F","Infiniti Club Baseline"
"tm_5_38-99661/atl_2026_9","38-99661","2026-03-26 09:26:19","2026-04-17",800352,"211","6",3,4,2,109.03,218.06,"G","Infiniti Club Outfield"
"tm_5_38-28117/atl_2026_6","38-28117","2026-05-20 13:25:38","2026-06-07",800353,"308","7",9,10,2,69.51,139.02,"J","Vista Baseline"
"tm_5_38-74161/atl_2026_10","38-74161","2026-05-13 15:40:11","2026-05-23",800354,"407","8",20,21,2,17.79,35.58,"O","SunTrust Deck Terrace"
"tm_5_38-74927/atl_2026_10","38-74927","2026-04-21 11:20:23","2026-05-03",800355,"107","4",6,9,4,282.46,1129.84,"B","Lower Infield"
"tm_5_38-39860/atl_2026_6","38-39860","2026-04-16 19:11:22","2026-04-26",800356,"307","8",6,10,5,78.82,394.1,"J","Vista Baseline"
"tm_5_38-51838/atl_2026_8","38-51838","2026-07-04 15:13:03","2026-07-07",800357,"117","5",12,14,3,156.61,469.83,"D","Lower Outfield"
"tm_5_38-19499/atl_2026_5","38-19499","2026-03-13 13:17:56","2026-04-04",800358,"404","10",13,16,4,29.77,119.08,"N","SunTrust Deck Outfield"
"tm_5_38-59846/atl_2026_3","38-59846","2026-05-15 11:00:28","2026-05-30",800359,"113","6",3,5,3,186.47,559.41,"C","Lower Baseline"
"tm_5_38-92177/atl_2026_3","38-92177","2026-05-14 15:30:42","2026-05-24",800360,"405","14",5,7,3,34.62,103.86,"N","SunTrust Deck Outfield"
"tm_5_38-12413/atl_2026_3","38-12413","2026-05-18 16:28:18","2026-06-14",800361,"101","2",17,21,5,205.72,1028.6,"A","Dugout Infield"
"tm_5_38-60538/atl_2026_5","38-60538","2026-03-29 12:24:33","2026-04-13",800362,"404","14",12,13,2,36.22,72.44,"N","SunTrust Deck Outfield"
"tm_5_38-62100/atl_2026_1","38-62100","2026-05-21 17:38:30","2026-05-25",800363,"311","5",6,7,2,51.28,102.56,"K","Vista Outfield"
"tm_5_38-75574/atl_2026_2","38-75574","2026-03-12 10:46:52","2026-03-27",800364,"306","12",13,15,3,77.12,231.36,"J","Vista Baseline"
"tm_5_38-16217/atl_2026_9","38-16217","2026-03-27 09:11:25","2026-04-23",800365,"101","1",8,9,2,277.93,555.86,"A","Dugout Infield"
"tm_5_38-53060/atl_2026_6","38-53060","2026-04-20 15:16:51","2026-05-01",800366,"220","6",5,6,2,109,218,"H","Club Terrace"
"tm_5_38-96509/atl_2026_5","38-96509","2026-06-01 17:42:39","2026-06-19",800367,"208","2",19,19,1,105.81,105.81,"F","Infiniti Club Baseline"
"tm_5_38-13724/atl_2026_5","38-13724","2026-05-01 18:24:38","2026-05-10",800368,"410","14",14,15,2,21.69,43.38,"P","Standing Room"
"tm_5_38-94562/atl_2026_2","38-94562","2026-05-02 14:45:15","2026-05-14",800369,"402","4",18,19,2,41.8,83.6,"M","SunTrust Deck Infield"
"tm_5_38-93624/atl_2026_5","38-93624","2026-05-20 13:07:26","2026-05-22",800370,"301","5",13,16,4,76.04,304.16,"I","Vista Infield"
"tm_5_38-58473/atl_2026_6","38-58473","2026-05-21 14:36:38","2026-05-29",800371,"204","2",4,7,4,147.04,588.16,"E","Infiniti Club Infield"
"tm_5_38-97489/atl_2026_2","38-97489","2026-06-09 10:35:40","2026-07-09",800372,"117","7",12,16,5,215.69,1078.45,"D","Lower Outfield"
"tm_5_38-19375/atl_2026_10","38-19375","2026-05-02 15:47:15","2026-05-20",800373,"307","8",2,5,4,79.93,319.72,"J","Vista Baseline"
"tm_5_38-72724/atl_2026_3","38-72724","2026-06-09 15:51:54","2026-07-04",800374,"301","5",15,15,1,65.71,65.71,"I","Vista Infield"
"tm_5_38-34493/atl_2026_10","38-34493","2026-05-12 19:00:55","2026-05-14",800375,"310","8",12,13,2,78.55,157.1,"J","Vista Baseline"
"tm_5_38-59071/atl_2026_9","38-59071","2026-06-25 13:49:12","2026-07-11",800376,"302","9",5,7,3,61.11,183.33,"I","Vista Infield"
"tm_5_38-85688/atl_2026_9","38-85688","2026-07-02 10:16:07","2026-07-07",800377,"304","9",12,14,3,82.31,246.93,"I","Vista Infield"
"tm_5_38-12078/atl_2026_2","38-12078","2026-03-17 16:39:07","2026-04-15",800378,"402","2",20,21,2,29.99,59.98,"M","SunTrust Deck Infield"
"tm_5_38-23049/atl_2026_9","38-23049","2026-03-31 10:13:52","2026-04-22",800379,"317","2",3,4,2,47.51,95.02,"L","Vista Terrace"
"tm_5_38-96100/atl_2026_6","38-96100","2026-05-24 16:48:24","2026-05-29",800380,"110","3",5,5,1,254.79,254.79,"B","Lower Infield"
"tm_5_38-57808/atl_2026_5","38-57808","2026-03-26 17:44:55","2026-04-02",800381,"216","4",3,4,2,116.68,233.36,"H","Club Terrace"
"tm_5_38-99901/atl_2026_6","38-99901","2026-04-03 09:37:30","2026-04-22",800382,"405","13",12,14,3,34.3,102.9,"N","SunTrust Deck Outfield"
"tm_5_38-73800/atl_2026_4","38-73800","2026-05-18 19:23:09","2026-06-02",800383,"319","11",3,6,4,52.2,208.8,"L","Vista Terrace"
"tm_5_38-45065/atl_2026_5","38-45065","2026-05-10 13:49:30","2026-06-07",800384,"117","5",8,9,2,172.57,345.14,"D","Lower Outfield"
"tm_5_38-51429/atl_2026_9","38-51429","2026-05-14 12:49:19","2026-05-15",800385,"109","6",1,4,4,186.18,744.72,"B","Lower Infield"
"tm_5_38-37334/atl_2026_6","38-37334","2026-03-17 15:09:53","2026-04-13",800386,"404","4",3,4,2,31.18,62.36,"N","SunTrust Deck Outfield"
"tm_5_38-30811/atl_2026_7","38-30811","2026-03-24 15:04:59","2026-04-04",800387,"120","8",14,16,3,162.49,487.47,"D","Lower Outfield"
"tm_5_38-37901/atl_2026_1","38-37901","2026-03-30 16:55:47","2026-04-13",800388,"410","6",10,13,4,21.95,87.8,"P","Standing Room"
"tm_5_38-70851/atl_2026_3","38-70851","2026-04-17 13:49:46","2026-04-22",800389,"207","3",10,11,2,101.44,202.88,"F","Infiniti Club Baseline"
"tm_5_38-95901/atl_2026_4","38-95901","2026-05-21 09:32:38","2026-06-14",800390,"120","7",13,18,6,189.68,1138.08,"D","Lower Outfield"
"tm_5_38-38350/atl_2026_4","38-38350","2026-06-04 17:30:51","2026-06-14",800391,"403","14",7,12,6,32.31,193.86,"M","SunTrust Deck Infield"
"tm_5_38-96627/atl_2026_9","38-96627","2026-06-04 18:22:51","2026-07-02",800392,"307","9",8,9,2,58.6,117.2,"J","Vista Baseline"
"tm_5_38-53096/atl_2026_7","38-53096","2026-04-23 16:09:03","2026-04-27",800393,"403","12",20,20,1,44.07,44.07,"M","SunTrust Deck Infield"
"tm_5_38-10207/atl_2026_9","38-10207","2026-05-08 21:51:33","2026-06-05",800394,"211","4",14,16,3,116.29,348.87,"G","Infiniti Club Outfield"
"tm_5_38-55888/atl_2026_4","38-55888","2026-04-15 19:21:54","2026-04-26",800395,"113","1",14,17,4,237.24,948.96,"C","Lower Baseline"
"tm_5_38-60644/atl_2026_1","38-60644","2026-04-03 21:29:40","2026-04-04",800396,"117","4",6,7,2,164.23,328.46,"D","Lower Outfield"
"tm_5_38-88336/atl_2026_2","38-88336","2026-06-07 16:23:56","2026-06-19",800397,"407","1",10,14,5,20.52,102.6,"O","SunTrust Deck Terrace"
"tm_5_38-52147/atl_2026_3","38-52147","2026-05-05 14:51:54","2026-05-15",800398,"105","2",20,22,3,260.3,780.9,"A","Dugout Infield"
"tm_5_38-68666/atl_2026_1","38-68666","2026-06-22 16:52:22","2026-07-04",800399,"410","8",18,21,4,16.32,65.28,"P","Standing Room"
"tm_5_38-74729/atl_2026_10","38-74729","2026-04-13 19:27:55","2026-04-14",800400,"202","8",13,18,6,143.55,861.3,"E","Infiniti Club Infield"
"tm_5_38-63194/atl_2026_8","38-63194","2026-04-02 13:34:04","2026-04-27",800401,"406","12",9,11,3,28.24,84.72,"N","SunTrust Deck Outfield"
"tm_5_38-92102/atl_2026_6","38-92102","2026-04-10 15:15:44","2026-04-25",800402,"402","1",20,21,2,42.38,84.76,"M","SunTrust Deck Infield"
"tm_5_38-20218/atl_2026_3","38-20218","2026-05-31 21:30:27","2026-06-23",800403,"405","13",5,10,6,32.23,193.38,"N","SunTrust Deck Outfield"
"tm_5_38-41191/atl_2026_7","38-41191","2026-06-10 19:40:58","2026-06-23",800404,"119","8",11,13,3,149.72,449.16,"D","Lower Outfield"
"tm_5_38-34113/atl_2026_6","38-34113","2026-05-25 13:25:17","2026-05-26",800405,"409","5",16,19,4,28.53,114.12,"O","SunTrust Deck Terrace"
"tm_5_38-80677/atl_2026_10","38-80677","2026-05-23 11:51:05","2026-06-07",800406,"203","6",17,19,3,118.9,356.7,"E","Infiniti Club Infield"
"tm_5_38-24319/atl_2026_7","38-24319","2026-05-18 21:20:42","2026-05-25",800407,"409","3",15,18,4,24.77,99.08,"O","SunTrust Deck Terrace"
"tm_5_38-29511/atl_2026_10","38-29511","2026-06-11 17:20:36","2026-06-29",800408,"102","5",12,15,4,300.16,1200.64,"A","Dugout Infield"
"tm_5_38-73514/atl_2026_1","38-73514","2026-05-05 21:23:37","2026-05-26",800409,"309","11",4,6,3,62.34,187.02,"J","Vista Baseline"
"tm_5_38-64413/atl_2026_7","38-64413","2026-03-22 09:53:16","2026-04-20",800410,"406","4",15,16,2,34.74,69.48,"N","SunTrust Deck Outfield"
"tm_5_38-42593/atl_2026_6","38-42593","2026-03-21 13:17:24","2026-04-14",800411,"407","6",13,13,1,18.52,18.52,"O","SunTrust Deck Terrace"
"tm_5_38-63119/atl_2026_5","38-63119","2026-03-29 13:52:17","2026-04-27",800412,"215","5",19,19,1,91.79,91.79,"G","Infiniti Club Outfield"
"tm_5_38-89274/atl_2026_1","38-89274","2026-05-21 18:39:46","2026-05-22",800413,"117","2",3,4,2,137.34,274.68,"D","Lower Outfield"
"tm_5_38-32248/atl_2026_5","38-32248","2026-03-26 17:10:06","2026-04-12",800414,"306","6",10,12,3,53.86,161.58,"J","Vista Baseline"
"tm_5_38-97246/atl_2026_10","38-97246","2026-06-16 15:42:49","2026-06-26",800415,"402","7",20,22,3,35.59,106.77,"M","SunTrust Deck Infield"
"tm_5_38-30993/atl_2026_4","38-30993","2026-03-04 13:21:35","2026-03-29",800416,"220","4",19,21,3,80.76,242.28,"H","Club Terrace"
"tm_5_38-58232/atl_2026_10","38-58232","2026-05-20 12:19:59","2026-06-15",800417,"402","9",17,21,5,30.43,152.15,"M","SunTrust Deck Infield"
"tm_5_38-72766/atl_2026_8","38-72766","2026-03-15 20:42:36","2026-03-28",800418,"409","6",3,3,1,18.18,18.18,"O","SunTrust Deck Terrace"
"tm_5_38-57224/atl_2026_1","38-57224","2026-03-26 11:55:43","2026-04-13",800419,"406","11",6,7,2,26.39,52.78,"N","SunTrust Deck Outfield"
"tm_5_38-90291/atl_2026_8","38-90291","2026-04-09 17:13:44","2026-04-11",800420,"209","8",20,21,2,117.93,235.86,"F","Infiniti Club Baseline"
