"section_name","row_name","pc_family","price_location"
"101","1","A","Dugout Infield"
"101","2","A","Dugout Infield"
"101","3","A","Dugout Infield"
"101","4","A","Dugout Infield"
"101","5","A","Dugout Infield"
"101","6","A","Dugout Infield"
"101","7","A","Dugout Infield"
"101","8","A","Dugout Infield"
"102","1","A","Dugout Infield"
"102","2","A","Dugout Infield"
"102","3","A","Dugout Infield"
"102","4","A","Dugout Infield"
"102","5","A","Dugout Infield"
"102","6","A","Dugout Infield"
"102","7","A","Dugout Infield"
"102","8","A","Dugout Infield"
"103","1","A","Dugout Infield"
"103","2","A","Dugout Infield"
"103","3","A","Dugout Infield"
"103","4","A","Dugout Infield"
"103","5","A","Dugout Infield"
"103","6","A","Dugout Infield"
"103","7","A","Dugout Infield"
"103","8","A","Dugout Infield"
"104","1","A","Dugout Infield"
"104","2","A","Dugout Infield"
"104","3","A","Dugout Infield"
"104","4","A","Dugout Infield"
"104","5","A","Dugout Infield"
"104","6","A","Dugout Infield"
"104","7","A","Dugout Infield"
"104","8","A","Dugout Infield"
"105","1","A","Dugout Infield"
"105","2","A","Dugout Infield"
"105","3","A","Dugout Infield"
"105","4","A","Dugout Infield"
"105","5","A","Dugout Infield"
"105","6","A","Dugout Infield"
"105","7","A","Dugout Infield"
"105","8","A","Dugout Infield"
"106","1","B","Lower Infield"
"106","2","B","Lower Infield"
"106","3","B","Lower Infield"
"106","4","B","Lower Infield"
"106","5","B","Lower Infield"
"106","6","B","Lower Infield"
"106","7","B","Lower Infield"
"106","8","B","Lower Infield"
"107","1","B","Lower Infield"
"107","2","B","Lower Infield"
"107","3","B","Lower Infield"
"107","4","B","Lower Infield"
"107","5","B","Lower Infield"
"107","6","B","Lower Infield"
"107","7","B","Lower Infield"
"107","8","B","Lower Infield"
"108","1","B","Lower Infield"
"108","2","B","Lower Infield"
"108","3","B","Lower Infield"
"108","4","B","Lower Infield"
"108","5","B","Lower Infield"
"108","6","B","Lower Infield"
"108","7","B","Lower Infield"
"108","8","B","Lower Infield"
"109","1","B","Lower Infield"
"109","2","B","Lower Infield"
"109","3","B","Lower Infield"
"109","4","B","Lower Infield"
"109","5","B","Lower Infield"
"109","6","B","Lower Infield"
"109","7","B","Lower Infield"
"109","8","B","Lower Infield"
"110","1","B","Lower Infield"
"110","2","B","Lower Infield"
"110","3","B","Lower Infield"
"110","4","B","Lower Infield"
"110","5","B","Lower Infield"
"110","6","B","Lower Infield"
"110","7","B","Lower Infield"
"110","8","B","Lower Infield"
"111","1","C","Lower Baseline"
"111","2","C","Lower Baseline"
"111","3","C","Lower Baseline"
"111","4","C","Lower Baseline"
"111","5","C","Lower Baseline"
"111","6","C","Lower Baseline"
"111","7","C","Lower Baseline"
"111","8","C","Lower Baseline"
"112","1","C","Lower Baseline"
"112","2","C","Lower Baseline"
"112","3","C","Lower Baseline"
"112","4","C","Lower Baseline"
"112","5","C","Lower Baseline"
"112","6","C","Lower Baseline"
"112","7","C","Lower Baseline"
"112","8","C","Lower Baseline"
"113","1","C","Lower Baseline"
"113","2","C","Lower Baseline"
"113","3","C","Lower Baseline"
"113","4","C","Lower Baseline"
"113","5","C","Lower Baseline"
"113","6","C","Lower Baseline"
"113","7","C","Lower Baseline"
"113","8","C","Lower Baseline"
"114","1","C","Lower Baseline"
"114","2","C","Lower Baseline"
"114","3","C","Lower Baseline"
"114","4","C","Lower Baseline"
"114","5","C","Lower Baseline"
"114","6","C","Lower Baseline"
"114","7","C","Lower Baseline"
"114","8","C","Lower Baseline"
"115","1","C","Lower Baseline"
"115","2","C","Lower Baseline"
"115","3","C","Lower Baseline"
"115","4","C","Lower Baseline"
"115","5","C","Lower Baseline"
"115","6","C","Lower Baseline"
"115","7","C","Lower Baseline"
"115","8","C","Lower Baseline"
"116","1","D","Lower Outfield"
"116","2","D","Lower Outfield"
"116","3","D","Lower Outfield"
"116","4","D","Lower Outfield"
"116","5","D","Lower Outfield"
"116","6","D","Lower Outfield"
"116","7","D","Lower Outfield"
"116","8","D","Lower Outfield"
"117","1","D","Lower Outfield"
"117","2","D","Lower Outfield"
"117","3","D","Lower Outfield"
"117","4","D","Lower Outfield"
"117","5","D","Lower Outfield"
"117","6","D","Lower Outfield"
"117","7","D","Lower Outfield"
"117","8","D","Lower Outfield"
"118","1","D","Lower Outfield"
"118","2","D","Lower Outfield"
"118","3","D","Lower Outfield"
"118","4","D","Lower Outfield"
"118","5","D","Lower Outfield"
"118","6","D","Lower Outfield"
"118","7","D","Lower Outfield"
"118","8","D","Lower Outfield"
"119","1","D","Lower Outfield"
"119","2","D","Lower Outfield"
"119","3","D","Lower Outfield"
"119","4","D","Lower Outfield"
"119","5","D","Lower Outfield"
"119","6","D","Lower Outfield"
"119","7","D","Lower Outfield"
"119","8","D","Lower Outfield"
"120","1","D","Lower Outfield"
"120","2","D","Lower Outfield"
"120","3","D","Lower Outfield"
"120","4","D","Lower Outfield"
"120","5","D","Lower Outfield"
"120","6","D","Lower Outfield"
"120","7","D","Lower Outfield"
"120","8","D","Lower Outfield"
"201","1","E","Infiniti Club Infield"
"201","2","E","Infiniti Club Infield"
"201","3","E","Infiniti Club Infield"
"201","4","E","Infiniti Club Infield"
"201","5","E","Infiniti Club Infield"
"201","6","E","Infiniti Club Infield"
"201","7","E","Infiniti Club Infield"
"201","8","E","Infiniti Club Infield"
"201","9","E","Infiniti Club Infield"
"201","10","E","Infiniti Club Infield"
"202","1","E","Infiniti Club Infield"
"202","2","E","Infiniti Club Infield"
"202","3","E","Infiniti Club Infield"
"202","4","E","Infiniti Club Infield"
"202","5","E","Infiniti Club Infield"
"202","6","E","Infiniti Club Infield"
"202","7","E","Infiniti Club Infield"
"202","8","E","Infiniti Club Infield"
"202","9","E","Infiniti Club Infield"
"202","10","E","Infiniti Club Infield"
"203","1","E","Infiniti Club Infield"
"203","2","E","Infiniti Club Infield"
"203","3","E","Infiniti Club Infield"
"203","4","E","Infiniti Club Infield"
"203","5","E","Infiniti Club Infield"
"203","6","E","Infiniti Club Infield"
"203","7","E","Infiniti Club Infield"
"203","8","E","Infiniti Club Infield"
"203","9","E","Infiniti Club Infield"
"203","10","E","Infiniti Club Infield"
"204","1","E","Infiniti Club Infield"
"204","2","E","Infiniti Club Infield"
"204","3","E","Infiniti Club Infield"
"204","4","E","Infiniti Club Infield"
"204","5","E","Infiniti Club Infield"
"204","6","E","Infiniti Club Infield"
"204","7","E","Infiniti Club Infield"
"204","8","E","Infiniti Club Infield"
"204","9","E","Infiniti Club Infield"
"204","10","E","Infiniti Club Infield"
"205","1","E","Infiniti Club Infield"
"205","2","E","Infiniti Club Infield"
"205","3","E","Infiniti Club Infield"
"205","4","E","Infiniti Club Infield"
"205","5","E","Infiniti Club Infield"
"205","6","E","Infiniti Club Infield"
"205","7","E","Infiniti Club Infield"
"205","8","E","Infiniti Club Infield"
"205","9","E","Infiniti Club Infield"
"205","10","E","Infiniti Club Infield"
"206","1","F","Infiniti Club Baseline"
"206","2","F","Infiniti Club Baseline"
"206","3","F","Infiniti Club Baseline"
"206","4","F","Infiniti Club Baseline"
"206","5","F","Infiniti Club Baseline"
"206","6","F","Infiniti Club Baseline"
"206","7","F","Infiniti Club Baseline"
"206","8","F","Infiniti Club Baseline"
"206","9","F","Infiniti Club Baseline"
"206","10","F","Infiniti Club Baseline"
"207","1","F","Infiniti Club Baseline"
"207","2","F","Infiniti Club Baseline"
"207","3","F","Infiniti Club Baseline"
"207","4","F","Infiniti Club Baseline"
"207","5","F","Infiniti Club Baseline"
"207","6","F","Infiniti Club Baseline"
"207","7","F","Infiniti Club Baseline"
"207","8","F","Infiniti Club Baseline"
"207","9","F","Infiniti Club Baseline"
"207","10","F","Infiniti Club Baseline"
"208","1","F","Infiniti Club Baseline"
"208","2","F","Infiniti Club Baseline"
"208","3","F","Infiniti Club Baseline"
"208","4","F","Infiniti Club Baseline"
"208","5","F","Infiniti Club Baseline"
"208","6","F","Infiniti Club Baseline"
"208","7","F","Infiniti Club Baseline"
"208","8","F","Infiniti Club Baseline"
"208","9","F","Infiniti Club Baseline"
"208","10","F","Infiniti Club Baseline"
"209","1","F","Infiniti Club Baseline"
"209","2","F","Infiniti Club Baseline"
"209","3","F","Infiniti Club Baseline"
"209","4","F","Infiniti Club Baseline"
"209","5","F","Infiniti Club Baseline"
"209","6","F","Infiniti Club Baseline"
"209","7","F","Infiniti Club Baseline"
"209","8","F","Infiniti Club Baseline"
"209","9","F","Infiniti Club Baseline"
"209","10","F","Infiniti Club Baseline"
"210","1","F","Infiniti Club Baseline"
"210","2","F","Infiniti Club Baseline"
"210","3","F","Infiniti Club Baseline"
"210","4","F","Infiniti Club Baseline"
"210","5","F","Infiniti Club Baseline"
"210","6","F","Infiniti Club Baseline"
"210","7","F","Infiniti Club Baseline"
"210","8","F","Infiniti Club Baseline"
"210","9","F","Infiniti Club Baseline"
"210","10","F","Infiniti Club Baseline"
"211","1","G","Infiniti Club Outfield"
"211","2","G","Infiniti Club Outfield"
"211","3","G","Infiniti Club Outfield"
"211","4","G","Infiniti Club Outfield"
"211","5","G","Infiniti Club Outfield"
"211","6","G","Infiniti Club Outfield"
"211","7","G","Infiniti Club Outfield"
"211","8","G","Infiniti Club Outfield"
"211","9","G","Infiniti Club Outfield"
"211","10","G","Infiniti Club Outfield"
"212","1","G","Infiniti Club Outfield"
"212","2","G","Infiniti Club Outfield"
"212","3","G","Infiniti Club Outfield"
"212","4","G","Infiniti Club Outfield"
"212","5","G","Infiniti Club Outfield"
"212","6","G","Infiniti Club Outfield"
"212","7","G","Infiniti Club Outfield"
"212","8","G","Infiniti Club Outfield"
"212","9","G","Infiniti Club Outfield"
"212","10","G","Infiniti Club Outfield"
"213","1","G","Infiniti Club Outfield"
"213","2","G","Infiniti Club Outfield"
"213","3","G","Infiniti Club Outfield"
"213","4","G","Infiniti Club Outfield"
"213","5","G","Infiniti Club Outfield"
"213","6","G","Infiniti Club Outfield"
"213","7","G","Infiniti Club Outfield"
"213","8","G","Infiniti Club Outfield"
"213","9","G","Infiniti Club Outfield"
"213","10","G","Infiniti Club Outfield"
"214","1","G","Infiniti Club Outfield"
"214","2","G","Infiniti Club Outfield"
"214","3","G","Infiniti Club Outfield"
"214","4","G","Infiniti Club Outfield"
"214","5","G","Infiniti Club Outfield"
"214","6","G","Infiniti Club Outfield"
"214","7","G","Infiniti Club Outfield"
"214","8","G","Infiniti Club Outfield"
"214","9","G","Infiniti Club Outfield"
"214","10","G","Infiniti Club Outfield"
"215","1","G","Infiniti Club Outfield"
"215","2","G","Infiniti Club Outfield"
"215","3","G","Infiniti Club Outfield"
"215","4","G","Infiniti Club Outfield"
"215","5","G","Infiniti Club Outfield"
"215","6","G","Infiniti Club Outfield"
"215","7","G","Infiniti Club Outfield"
"215","8","G","Infiniti Club Outfield"
"215","9","G","Infiniti Club Outfield"
"215","10","G","Infiniti Club Outfield"
"216","1","H","Club Terrace"
"216","2","H","Club Terrace"
"216","3","H","Club Terrace"
"216","4","H","Club Terrace"
"216","5","H","Club Terrace"
"216","6","H","Club Terrace"
"216","7","H","Club Terrace"
"216","8","H","Club Terrace"
"216","9","H","Club Terrace"
"216","10","H","Club Terrace"
"217","1","H","Club Terrace"
"217","2","H","Club Terrace"
"217","3","H","Club Terrace"
"217","4","H","Club Terrace"
"217","5","H","Club Terrace"
"217","6","H","Club Terrace"
"217","7","H","Club Terrace"
"217","8","H","Club Terrace"
"217","9","H","Club Terrace"
"217","10","H","Club Terrace"
"218","1","H","Club Terrace"
"218","2","H","Club Terrace"
"218","3","H","Club Terrace"
"218","4","H","Club Terrace"
"218","5","H","Club Terrace"
"218","6","H","Club Terrace"
"218","7","H","Club Terrace"
"218","8","H","Club Terrace"
"218","9","H","Club Terrace"
"218","10","H","Club Terrace"
"219","1","H","Club Terrace"
"219","2","H","Club Terrace"
"219","3","H","Club Terrace"
"219","4","H","Club Terrace"
"219","5","H","Club Terrace"
"219","6","H","Club Terrace"
"219","7","H","Club Terrace"
"219","8","H","Club Terrace"
"219","9","H","Club Terrace"
"219","10","H","Club Terrace"
"220","1","H","Club Terrace"
"220","2","H","Club Terrace"
"220","3","H","Club Terrace"
"220","4","H","Club Terrace"
"220","5","H","Club Terrace"
"220","6","H","Club Terrace"
"220","7","H","Club Terrace"
"220","8","H","Club Terrace"
"220","9","H","Club Terrace"
"220","10","H","Club Terrace"
"301","1","I","Vista Infield"
"301","2","I","Vista Infield"
"301","3","I","Vista Infield"
"301","4","I","Vista Infield"
"301","5","I","Vista Infield"
"301","6","I","Vista Infield"
"301","7","I","Vista Infield"
"301","8","I","Vista Infield"
"301","9","I","Vista Infield"
"301","10","I","Vista Infield"
"301","11","I","Vista Infield"
"301","12","I","Vista Infield"
"302","1","I","Vista Infield"
"302","2","I","Vista Infield"
"302","3","I","Vista Infield"
"302","4","I","Vista Infield"
"302","5","I","Vista Infield"
"302","6","I","Vista Infield"
"302","7","I","Vista Infield"
"302","8","I","Vista Infield"
"302","9","I","Vista Infield"
"302","10","I","Vista Infield"
"302","11","I","Vista Infield"
"302","12","I","Vista Infield"
"303","1","I","Vista Infield"
"303","2","I","Vista Infield"
"303","3","I","Vista Infield"
"303","4","I","Vista Infield"
"303","5","I","Vista Infield"
"303","6","I","Vista Infield"
"303","7","I","Vista Infield"
"303","8","I","Vista Infield"
"303","9","I","Vista Infield"
"303","10","I","Vista Infield"
"303","11","I","Vista Infield"
"303","12","I","Vista Infield"
"304","1","I","Vista Infield"
"304","2","I","Vista Infield"
"304","3","I","Vista Infield"
"304","4","I","Vista Infield"
"304","5","I","Vista Infield"
"304","6","I","Vista Infield"
"304","7","I","Vista Infield"
"304","8","I","Vista Infield"
"304","9","I","Vista Infield"
"304","10","I","Vista Infield"
"304","11","I","Vista Infield"
"304","12","I","Vista Infield"
"305","1","I","Vista Infield"
"305","2","I","Vista Infield"
"305","3","I","Vista Infield"
"305","4","I","Vista Infield"
"305","5","I","Vista Infield"
"305","6","I","Vista Infield"
"305","7","I","Vista Infield"
"305","8","I","Vista Infield"
"305","9","I","Vista Infield"
"305","10","I","Vista Infield"
"305","11","I","Vista Infield"
"305","12","I","Vista Infield"
"306","1","J","Vista Baseline"
"306","2","J","Vista Baseline"
"306","3","J","Vista Baseline"
"306","4","J","Vista Baseline"
"306","5","J","Vista Baseline"
"306","6","J","Vista Baseline"
"306","7","J","Vista Baseline"
"306","8","J","Vista Baseline"
"306","9","J","Vista Baseline"
"306","10","J","Vista Baseline"
"306","11","J","Vista Baseline"
"306","12","J","Vista Baseline"
"307","1","J","Vista Baseline"
"307","2","J","Vista Baseline"
"307","3","J","Vista Baseline"
"307","4","J","Vista Baseline"
"307","5","J","Vista Baseline"
"307","6","J","Vista Baseline"
"307","7","J","Vista Baseline"
"307","8","J","Vista Baseline"
"307","9","J","Vista Baseline"
"307","10","J","Vista Baseline"
"307","11","J","Vista Baseline"
"307","12","J","Vista Baseline"
"308","1","J","Vista Baseline"
"308","2","J","Vista Baseline"
"308","3","J","Vista Baseline"
"308","4","J","Vista Baseline"
"308","5","J","Vista Baseline"
"308","6","J","Vista Baseline"
"308","7","J","Vista Baseline"
"308","8","J","Vista Baseline"
"308","9","J","Vista Baseline"
"308","10","J","Vista Baseline"
"308","11","J","Vista Baseline"
"308","12","J","Vista Baseline"
"309","1","J","Vista Baseline"
"309","2","J","Vista Baseline"
"309","3","J","Vista Baseline"
"309","4","J","Vista Baseline"
"309","5","J","Vista Baseline"
"309","6","J","Vista Baseline"
"309","7","J","Vista Baseline"
"309","8","J","Vista Baseline"
"309","9","J","Vista Baseline"
"309","10","J","Vista Baseline"
"309","11","J","Vista Baseline"
"309","12","J","Vista Baseline"
"310","1","J","Vista Baseline"
"310","2","J","Vista Baseline"
"310","3","J","Vista Baseline"
"310","4","J","Vista Baseline"
"310","5","J","Vista Baseline"
"310","6","J","Vista Baseline"
"310","7","J","Vista Baseline"
"310","8","J","Vista Baseline"
"310","9","J","Vista Baseline"
"310","10","J","Vista Baseline"
"310","11","J","Vista Baseline"
"310","12","J","Vista Baseline"
"311","1","K","Vista Outfield"
"311","2","K","Vista Outfield"
"311","3","K","Vista Outfield"
"311","4","K","Vista Outfield"
"311","5","K","Vista Outfield"
"311","6","K","Vista Outfield"
"311","7","K","Vista Outfield"
"311","8","K","Vista Outfield"
"311","9","K","Vista Outfield"
"311","10","K","Vista Outfield"
"311","11","K","Vista Outfield"
"311","12","K","Vista Outfield"
"312","1","K","Vista Outfield"
"312","2","K","Vista Outfield"
"312","3","K","Vista Outfield"
"312","4","K","Vista Outfield"
"312","5","K","Vista Outfield"
"312","6","K","Vista Outfield"
"312","7","K","Vista Outfield"
"312","8","K","Vista Outfield"
"312","9","K","Vista Outfield"
"312","10","K","Vista Outfield"
"312","11","K","Vista Outfield"
"312","12","K","Vista Outfield"
"313","1","K","Vista Outfield"
"313","2","K","Vista Outfield"
"313","3","K","Vista Outfield"
"313","4","K","Vista Outfield"
"313","5","K","Vista Outfield"
"313","6","K","Vista Outfield"
"313","7","K","Vista Outfield"
"313","8","K","Vista Outfield"
"313","9","K","Vista Outfield"
"313","10","K","Vista Outfield"
"313","11","K","Vista Outfield"
"313","12","K","Vista Outfield"
"314","1","K","Vista Outfield"
"314","2","K","Vista Outfield"
"314","3","K","Vista Outfield"
"314","4","K","Vista Outfield"
"314","5","K","Vista Outfield"
"314","6","K","Vista Outfield"
"314","7","K","Vista Outfield"
"314","8","K","Vista Outfield"
"314","9","K","Vista Outfield"
"314","10","K","Vista Outfield"
"314","11","K","Vista Outfield"
"314","12","K","Vista Outfield"
"315","1","K","Vista Outfield"
"315","2","K","Vista Outfield"
"315","3","K","Vista Outfield"
"315","4","K","Vista Outfield"
"315","5","K","Vista Outfield"
"315","6","K","Vista Outfield"
"315","7","K","Vista Outfield"
"315","8","K","Vista Outfield"
"315","9","K","Vista Outfield"
"315","10","K","Vista Outfield"
"315","11","K","Vista Outfield"
"315","12","K","Vista Outfield"
"316","1","L","Vista Terrace"
"316","2","L","Vista Terrace"
"316","3","L","Vista Terrace"
"316","4","L","Vista Terrace"
"316","5","L","Vista Terrace"
"316","6","L","Vista Terrace"
"316","7","L","Vista Terrace"
"316","8","L","Vista Terrace"
"316","9","L","Vista Terrace"
"316","10","L","Vista Terrace"
"316","11","L","Vista Terrace"
"316","12","L","Vista Terrace"
"317","1","L","Vista Terrace"
"317","2","L","Vista Terrace"
"317","3","L","Vista Terrace"
"317","4","L","Vista Terrace"
"317","5","L","Vista Terrace"
"317","6","L","Vista Terrace"
"317","7","L","Vista Terrace"
"317","8","L","Vista Terrace"
"317","9","L","Vista Terrace"
"317","10","L","Vista Terrace"
"317","11","L","Vista Terrace"
"317","12","L","Vista Terrace"
"318","1","L","Vista Terrace"
"318","2","L","Vista Terrace"
"318","3","L","Vista Terrace"
"318","4","L","Vista Terrace"
"318","5","L","Vista Terrace"
"318","6","L","Vista Terrace"
"318","7","L","Vista Terrace"
"318","8","L","Vista Terrace"
"318","9","L","Vista Terrace"
"318","10","L","Vista Terrace"
"318","11","L","Vista Terrace"
"318","12","L","Vista Terrace"
"319","1","L","Vista Terrace"
"319","2","L","Vista Terrace"
"319","3","L","Vista Terrace"
"319","4","L","Vista Terrace"
"319","5","L","Vista Terrace"
"319","6","L","Vista Terrace"
"319","7","L","Vista Terrace"
"319","8","L","Vista Terrace"
"319","9","L","Vista Terrace"
"319","10","L","Vista Terrace"
"319","11","L","Vista Terrace"
"319","12","L","Vista Terrace"
"320","1","L","Vista Terrace"
"320","2","L","Vista Terrace"
"320","3","L","Vista Terrace"
"320","4","L","Vista Terrace"
"320","5","L","Vista Terrace"
"320","6","L","Vista Terrace"
"320","7","L","Vista Terrace"
"320","8","L","Vista Terrace"
"320","9","L","Vista Terrace"
"320","10","L","Vista Terrace"
"320","11","L","Vista Terrace"
"320","12","L","Vista Terrace"
"401","1","M","SunTrust Deck Infield"
"401","2","M","SunTrust Deck Infield"
"401","3","M","SunTrust Deck Infield"
"401","4","M","SunTrust Deck Infield"
"401","5","M","SunTrust Deck Infield"
"401","6","M","SunTrust Deck Infield"
"401","7","M","SunTrust Deck Infield"
"401","8","M","SunTrust Deck Infield"
"401","9","M","SunTrust Deck Infield"
"401","10","M","SunTrust Deck Infield"
"401","11","M","SunTrust Deck Infield"
"401","12","M","SunTrust Deck Infield"
"401","13","M","SunTrust Deck Infield"
"401","14","M","SunTrust Deck Infield"
"401","15","M","SunTrust Deck Infield"
"402","1","M","SunTrust Deck Infield"
"402","2","M","SunTrust Deck Infield"
"402","3","M","SunTrust Deck Infield"
"402","4","M","SunTrust Deck Infield"
"402","5","M","SunTrust Deck Infield"
"402","6","M","SunTrust Deck Infield"
"402","7","M","SunTrust Deck Infield"
"402","8","M","SunTrust Deck Infield"
"402","9","M","SunTrust Deck Infield"
"402","10","M","SunTrust Deck Infield"
"402","11","M","SunTrust Deck Infield"
"402","12","M","SunTrust Deck Infield"
"402","13","M","SunTrust Deck Infield"
"402","14","M","SunTrust Deck Infield"
"402","15","M","SunTrust Deck Infield"
"403","1","M","SunTrust Deck Infield"
"403","2","M","SunTrust Deck Infield"
"403","3","M","SunTrust Deck Infield"
"403","4","M","SunTrust Deck Infield"
"403","5","M","SunTrust Deck Infield"
"403","6","M","SunTrust Deck Infield"
"403","7","M","SunTrust Deck Infield"
"403","8","M","SunTrust Deck Infield"
"403","9","M","SunTrust Deck Infield"
"403","10","M","SunTrust Deck Infield"
"403","11","M","SunTrust Deck Infield"
"403","12","M","SunTrust Deck Infield"
"403","13","M","SunTrust Deck Infield"
"403","14","M","SunTrust Deck Infield"
"403","15","M","SunTrust Deck Infield"
"404","1","N","SunTrust Deck Outfield"
"404","2","N","SunTrust Deck Outfield"
"404","3","N","SunTrust Deck Outfield"
"404","4","N","SunTrust Deck Outfield"
"404","5","N","SunTrust Deck Outfield"
"404","6","N","SunTrust Deck Outfield"
"404","7","N","SunTrust Deck Outfield"
"404","8","N","SunTrust Deck Outfield"
"404","9","N","SunTrust Deck Outfield"
"404","10","N","SunTrust Deck Outfield"
"404","11","N","SunTrust Deck Outfield"
"404","12","N","SunTrust Deck Outfield"
"404","13","N","SunTrust Deck Outfield"
"404","14","N","SunTrust Deck Outfield"
"404","15","N","SunTrust Deck Outfield"
"405","1","N","SunTrust Deck Outfield"
"405","2","N","SunTrust Deck Outfield"
"405","3","N","SunTrust Deck Outfield"
"405","4","N","SunTrust Deck Outfield"
"405","5","N","SunTrust Deck Outfield"
"405","6","N","SunTrust Deck Outfield"
"405","7","N","SunTrust Deck Outfield"
"405","8","N","SunTrust Deck Outfield"
"405","9","N","SunTrust Deck Outfield"
"405","10","N","SunTrust Deck Outfield"
"405","11","N","SunTrust Deck Outfield"
"405","12","N","SunTrust Deck Outfield"
"405","13","N","SunTrust Deck Outfield"
"405","14","N","SunTrust Deck Outfield"
"405","15","N","SunTrust Deck Outfield"
"406","1","N","SunTrust Deck Outfield"
"406","2","N","SunTrust Deck Outfield"
"406","3","N","SunTrust Deck Outfield"
"406","4","N","SunTrust Deck Outfield"
"406","5","N","SunTrust Deck Outfield"
"406","6","N","SunTrust Deck Outfield"
"406","7","N","SunTrust Deck Outfield"
"406","8","N","SunTrust Deck Outfield"
"406","9","N","SunTrust Deck Outfield"
"406","10","N","SunTrust Deck Outfield"
"406","11","N","SunTrust Deck Outfield"
"406","12","N","SunTrust Deck Outfield"
"406","13","N","SunTrust Deck Outfield"
"406","14","N","SunTrust Deck Outfield"
"406","15","N","SunTrust Deck Outfield"
"407","1","O","SunTrust Deck Terrace"
"407","2","O","SunTrust Deck Terrace"
"407","3","O","SunTrust Deck Terrace"
"407","4","O","SunTrust Deck Terrace"
"407","5","O","SunTrust Deck Terrace"
"407","6","O","SunTrust Deck Terrace"
"407","7","O","SunTrust Deck Terrace"
"407","8","O","SunTrust Deck Terrace"
"407","9","O","SunTrust Deck Terrace"
"407","10","O","SunTrust Deck Terrace"
"407","11","O","SunTrust Deck Terrace"
"407","12","O","SunTrust Deck Terrace"
"407","13","O","SunTrust Deck Terrace"
"407","14","O","SunTrust Deck Terrace"
"407","15","O","SunTrust Deck Terrace"
"408","1","O","SunTrust Deck Terrace"
"408","2","O","SunTrust Deck Terrace"
"408","3","O","SunTrust Deck Terrace"
"408","4","O","SunTrust Deck Terrace"
"408","5","O","SunTrust Deck Terrace"
"408","6","O","SunTrust Deck Terrace"
"408","7","O","SunTrust Deck Terrace"
"408","8","O","SunTrust Deck Terrace"
"408","9","O","SunTrust Deck Terrace"
"408","10","O","SunTrust Deck Terrace"
"408","11","O","SunTrust Deck Terrace"
"408","12","O","SunTrust Deck Terrace"
"408","13","O","SunTrust Deck Terrace"
"408","14","O","SunTrust Deck Terrace"
"408","15","O","SunTrust Deck Terrace"
"409","1","O","SunTrust Deck Terrace"
"409","2","O","SunTrust Deck Terrace"
"409","3","O","SunTrust Deck Terrace"
"409","4","O","SunTrust Deck Terrace"
"409","5","O","SunTrust Deck Terrace"
"409","6","O","SunTrust Deck Terrace"
"409","7","O","SunTrust Deck Terrace"
"409","8","O","SunTrust Deck Terrace"
"409","9","O","SunTrust Deck Terrace"
"409","10","O","SunTrust Deck Terrace"
"409","11","O","SunTrust Deck Terrace"
"409","12","O","SunTrust Deck Terrace"
"409","13","O","SunTrust Deck Terrace"
"409","14","O","SunTrust Deck Terrace"
"409","15","O","SunTrust Deck Terrace"
"410","1","P","Standing Room"
"410","2","P","Standing Room"
"410","3","P","Standing Room"
"410","4","P","Standing Room"
"410","5","P","Standing Room"
"410","6","P","Standing Room"
"410","7","P","Standing Room"
"410","8","P","Standing Room"
"410","9","P","Standing Room"
"410","10","P","Standing Room"
"410","11","P","Standing Room"
"410","12","P","Standing Room"
"410","13","P","Standing Room"
"410","14","P","Standing Room"
"410","15","P","Standing Room"
